 topology_rogers_ca.pktDropper_Victoria_Seattle (#0 - Scenario1VicVan-0-20180716-19:59:51-12298),
7318.203,73.18199999999998765
7326.221,73.26200000000000015
7329.105,73.29099999999999655
7329.809,73.29800000000000155
7332.223,73.32200000000000235
7339.059,73.3899999999999861
7345.684,73.4559999999999885
7349.491,73.4939999999999994
7351.952,73.51900000000000515
7358.291,73.5819999999999933
7364.95,73.64900000000000065
7374.219,73.74199999999998985
7379.392,73.79300000000000605
7387.931,73.8789999999999903
7392.172,73.920999999999992
7397.149,73.9710000000000034
7402.696,74.02599999999998175
7406.974,74.0689999999999881
7409.845,74.0979999999999844
7418.071,74.18000000000000655
7425.137,74.2510000000000045
7432.519,74.3249999999999883
7436.668,74.3659999999999853
7441.139,74.411000000000001
7444.744,74.44700000000000235
7454.433,74.54399999999998235
7462.72,74.6269999999999808
7466.352,74.66299999999998205
7475.602,74.756
7479.577,74.79499999999998725
7480.037,74.79999999999998265
7487.424,74.87399999999999485
7489.75,74.8969999999999911
7494.241,74.94199999999997855
7497.726,74.97700000000000355
7507.099,75.0699999999999929
7515.249,75.15199999999998655
7517.821,75.177999999999997
7527.676,75.27599999999998175
7531.494,75.31399999999999265
7541.184,75.411000000000001
7548.155,75.48099999999999415
7557.204,75.57200000000000235
7566.175,75.661000000000001
7569.141,75.69100000000000225
7570.352,75.70300000000000265
7580.272,75.80199999999999225
7582.687,75.8259999999999931
7585.181,75.8509999999999988
7587.464,75.87399999999999485
7588.523,75.8849999999999906
7593.418,75.93399999999999725
7602.928,76.02899999999999605
7611.843,76.11799999999999455
7614.177,76.1409999999999909
7617.758,76.17699999999999225
7624.656,76.2459999999999805
7628.508,76.2849999999999963
7629.092,76.28999999999999165
7638.259,76.38200000000000465
7645.566,76.4549999999999838
7646.704,76.46699999999998415
7655.521,76.55500000000000655
7661.832,76.61799999999999455
7664.556,76.6449999999999816
7665.884,76.65799999999998675
7669.675,76.6959999999999976
7673.417,76.7339999999999801
7677.16,76.7709999999999863
7680.404,76.80400000000000175
7687.892,76.8779999999999856
7694.693,76.9459999999999976
7697.071,76.96999999999999875
7705.026,77.04999999999998265
7706.745,77.06699999999997855
7711.784,77.11699999999998985
7716.277,77.1620000000000058
7719.239,77.19199999999997855
7722.284,77.22199999999997975
7731.144,77.31100000000000675
7739.536,77.3949999999999816
7743.055,77.43000000000000655
7745.432,77.4539999999999789
7752.816,77.52799999999999135
7757.84,77.57800000000000265
7763.394,77.63299999999998105
7772.82,77.72799999999998
7774.835,77.74799999999999015
7781.175,77.81100000000000675
7786.66,77.8659999999999853
7795.333,77.95300000000000265
7800.529,78.0049999999999951
7809.931,78.09899999999998925
7813.419,78.1339999999999859
7820.927,78.20900000000000285
7821.173,78.21099999999998405
7828.169,78.2810000000000056
7829.657,78.295999999999992
7839.337,78.3930000000000004
7840.656,78.4060000000000056
7850.6,78.506
7857.679,78.5759999999999931
7862.197,78.6209999999999805
7869.288,78.69199999999997855
7869.997,78.69899999999998355
7876.114,78.76099999999999535
7879.042,78.78999999999999165
7885.761,78.85699999999999905
7887.285,78.87199999999998535
7891.76,78.9170000000000013
7895.935,78.95900000000000285
7902.896,79.02799999999999135
7904.209,79.0420000000000013
7907.992,79.0789999999999789
7914.033,79.1399999999999861
7915.033,79.1500000000000054
7918.861,79.18799999999998785
7928.464,79.2839999999999914
7937.418,79.37399999999999485
7938.142,79.381
7947.82,79.47799999999998
7948.013,79.4799999999999894
7953.482,79.5339999999999914
7963.278,79.63200000000000465
7966.026,79.6599999999999963
7967.511,79.67499999999998265
7973.433,79.7339999999999801
7976.02,79.7599999999999906
7984.988,79.84899999999998925
7987.143,79.8709999999999805
7991.21,79.9120000000000058
7997.009,79.96999999999999875
8002.53,80.0250000000000054
8012.288,80.12199999999998535
8015.005,80.1500000000000054
8017.735,80.17699999999999225
8022.289,80.22199999999997975
8031.99,80.3189999999999881
8036.007,80.359999999999985
8036.262,80.36199999999999455
8038.746,80.38700000000000015
8047.626,80.4759999999999988
8052.685,80.52599999999998175
8059.771,80.59699999999997975
8062.875,80.6279999999999856
8065.653,80.6560000000000056
8069.383,80.6929999999999833
8078.332,80.78299999999998675
8083.582,80.83499999999997915
8083.847,80.83799999999999355
8091.353,80.91299999999998205
8097.609,80.9759999999999988
8100.944,81.0089999999999859
8104.239,81.0420000000000013
8113.481,81.1339999999999859
8123.152,81.23099999999999415
8131.775,81.31699999999997855
8133.461,81.33400000000000285
8133.948,81.3389999999999985
8142.963,81.42900000000000175
8145.499,81.4539999999999789
8148.798,81.48699999999999455
8153.259,81.531999999999982
8162.151,81.6209999999999805
8163.197,81.631
8168.322,81.6829999999999925
8171.807,81.7179999999999891
8176.913,81.76900000000000515
8184.314,81.8429999999999891
8188.182,81.881
8194.987,81.94899999999998355
8200.288,82.0019999999999808
8206.512,82.0649999999999975
8215.959,82.1589999999999914
8223.064,82.2299999999999894
8231.993,82.3189999999999881
8234.042,82.3400000000000031
8240.813,82.40799999999998675
8244.23,82.44199999999997855
8250.62,82.506
8257.382,82.57299999999997875
8262.866,82.6279999999999856
8271.658,82.71599999999997935
8274.385,82.74299999999999455
8279.822,82.79800000000000155
8281.305,82.81299999999998785
8284.132,82.84099999999997935
8292.695,82.9259999999999875
8292.997,82.92900000000000175
8299.348,82.99299999999999455
8306.451,83.06399999999999265
8309.447,83.0939999999999938
8309.526,83.09499999999999875
8314.128,83.1409999999999909
8317.855,83.177999999999997
8318.1,83.1809999999999829
8323.405,83.2339999999999801
8328.986,83.288999999999987
8338.207,83.38200000000000465
8341.819,83.41800000000000605
8342.714,83.42699999999999225
8347.741,83.47700000000000355
8351.8,83.5180000000000004
8353.336,83.53299999999998675
8353.579,83.5349999999999963
8357.834,83.57800000000000265
8361.26,83.61199999999999455
8370.322,83.70300000000000265
8376.544,83.7649999999999861
8376.629,83.7659999999999909
8379.42,83.79399999999998235
8389.109,83.8909999999999908
8391.206,83.9120000000000058
8398.115,83.98099999999999415
8399.272,83.99199999999998985
8400.266,84.0019999999999808
8406.037,84.060000000000002
8408.935,84.0889999999999985
8415.888,84.15799999999998675
8421.279,84.2119999999999889
8427.999,84.27899999999999605
8435.24,84.35200000000000355
8444.729,84.44700000000000235
8448.618,84.48599999999998965
8448.645,84.48599999999998965
8450.916,84.5089999999999859
8457.388,84.57299999999997875
8461.937,84.6189999999999994
8467.941,84.6790000000000016
8477.662,84.77599999999998165
8483.549,84.83499999999997915
8491.887,84.91800000000000605
8501.515,85.0149999999999861
8510.663,85.10599999999999415
8510.832,85.10800000000000375
8517.505,85.17499999999998265
8524.47,85.2439999999999994
8528.877,85.28799999999998205
8537.014,85.37000000000000435
8543.865,85.43799999999998785
8548.963,85.4890000000000039
8555.449,85.5540000000000016
8558.789,85.5869999999999889
8559.08,85.5900000000000031
8566.988,85.66899999999998235
8576.183,85.76099999999999535
8577.155,85.7709999999999863
8582.58,85.8249999999999883
8587,85.87000000000000435
8596.911,85.96899999999999375
8602.111,86.0209999999999863
8605.942,86.05899999999999725
8612.882,86.1279999999999856
8620.949,86.20900000000000285
8621.858,86.21799999999998905
8626.468,86.2639999999999813
8628.746,86.2870000000000058
8637.014,86.37000000000000435
8641.117,86.411000000000001
8646.508,86.465000000000003
8652.741,86.52699999999998655
8661.614,86.6159999999999851
8670.484,86.7039999999999789
8679.285,86.7920000000000013
8685.473,86.85399999999998475
8688.756,86.88700000000000015
8690.091,86.9000000000000054
8694.135,86.94100000000000215
8703.941,87.038999999999987
8709.387,87.09299999999998905
8718.105,87.18099999999998285
8724.322,87.24299999999999455
8729.349,87.29300000000000605
8733.143,87.3309999999999885
8742.366,87.42300000000000155
8747.787,87.47700000000000355
8753.201,87.531999999999982
8754.41,87.54399999999998235
8763.643,87.63599999999999535
8770.45,87.7039999999999789
8778.749,87.7870000000000058
8781.62,87.81600000000000215
8791.303,87.912999999999982
8791.733,87.9170000000000013
8800.931,88.0089999999999859
8802.092,88.0199999999999816
8802.452,88.02400000000000065
8803.516,88.0349999999999963
8805.264,88.05199999999999215
8808.429,88.0840000000000028
8812.32,88.12299999999999015
8814.785,88.146999999999991
8824.306,88.24299999999999455
8829.934,88.29900000000000625
8832.934,88.3289999999999789
8841.998,88.41899999999998235
8843.603,88.43600000000000675
8849.404,88.49399999999999935
8858.267,88.58199999999999325
8864.246,88.6419999999999955
8868.71,88.6869999999999829
8871.09,88.70999999999997915
8880.169,88.80099999999998735
8885.978,88.8589999999999801
8887.58,88.875
8889.039,88.8899999999999861
8895.65,88.9559999999999885
8899.006,88.9899999999999803
8903.409,89.0339999999999914
8909.664,89.0960000000000033
8910.429,89.10399999999998475
8914.042,89.1399999999999861
8921.007,89.20999999999997915
8930.117,89.30099999999998735
8932.591,89.32499999999998825
8941.376,89.412999999999982
8941.772,89.41700000000000125
8946.114,89.4609999999999839
8946.713,89.46699999999998415
8951.889,89.51800000000000035
8952.5,89.5250000000000054
8957.247,89.57200000000000235
8966.324,89.662999999999982
8968.168,89.68099999999998285
8975.567,89.7549999999999951
8979.915,89.79900000000000625
8988.896,89.88800000000000485
8990.772,89.906999999999982
8997.498,89.97399999999998925
9004.65,90.045999999999992
9009.939,90.09899999999998915
9015.169,90.15099999999998165
9018.213,90.18199999999998755
9021.419,90.2139999999999985
9031.399,90.31299999999998785
9031.43,90.31399999999999235
9035.052,90.34999999999999385
9041.025,90.40999999999999625
9045.731,90.45699999999999315
9052.222,90.521999999999991
9056.004,90.5600000000000019
9056.056,90.5600000000000019
9065.851,90.65799999999998675
9075.553,90.75499999999999505
9077.3,90.77299999999999575
9083.939,90.8389999999999985
9087.219,90.87199999999998535
9090.15,90.90099999999998165
9096.953,90.96899999999999355
9098.957,90.9890000000000039
9099.589,90.99500000000000425
9108.846,91.08799999999999355
9114.918,91.1490000000000006
9118.011,91.1800000000000064
9122.787,91.2270000000000035
9126.819,91.26800000000000035
9129.659,91.2959999999999919
9135.99,91.3589999999999801
9138.374,91.3829999999999809
9147.281,91.47199999999997975
9152.426,91.5240000000000006
9156.752,91.5669999999999783
9160.431,91.60399999999998475
9169.713,91.69700000000000235
9174.278,91.7419999999999898
9180.199,91.8009999999999873
9183.574,91.8349999999999791
9187.892,91.8779999999999856
9197.597,91.97499999999999385
9203.525,92.03499999999999625
9204.859,92.04800000000000155
9208.404,92.0840000000000028
9209.372,92.09299999999998905
9215.942,92.1589999999999914
9219.376,92.19299999999998325
9225.899,92.2579999999999809
9231.809,92.3179999999999832
9240.026,92.4000000000000054
9246.618,92.4659999999999793
9250.646,92.506
9254.619,92.5459999999999919
9254.995,92.5490000000000062
9264.988,92.6490000000000006
9274.834,92.7479999999999901
9278.353,92.7829999999999867
9282.834,92.8280000000000026
9290.048,92.9000000000000054
9299.424,92.9939999999999993
9305.8,93.0579999999999923
9312.52,93.125
9320.651,93.2059999999999885
9323.318,93.2330000000000037
9333.08,93.3299999999999837
9338.721,93.387
9347.619,93.4759999999999988
9357.188,93.5709999999999976
9364.834,93.6479999999999957
9365.969,93.6589999999999914
9372.951,93.7289999999999847
9375.673,93.756
9379.028,93.7899999999999916
9379.849,93.7980000000000015
9381.326,93.8129999999999878
9388.979,93.8889999999999813
9389.605,93.8959999999999863
9389.822,93.8979999999999957
9392.241,93.9219999999999966
9393.614,93.9360000000000067
9397.937,93.9789999999999847
9400.543,94.004999999999995
9405.763,94.0569999999999875
9414.474,94.1440000000000051
9422.205,94.2219999999999797
9423.999,94.2390000000000039
9433.586,94.3349999999999791
9437.919,94.3789999999999903
9439.092,94.3899999999999861
9442.343,94.4230000000000015
9443.413,94.4339999999999972
9449.247,94.4919999999999898
9455.144,94.5509999999999873
9464.509,94.6449999999999816
9471.963,94.7189999999999935
9481.371,94.8129999999999878
9489.853,94.8979999999999957
9490.378,94.9029999999999912
9499.736,94.9969999999999853
9505.698,95.0559999999999828
9515.532,95.1550000000000008
9524.45,95.2439999999999993
9528.448,95.2839999999999914
9536.257,95.3619999999999942
9540.06,95.4000000000000054
9542.175,95.4209999999999919
9543.653,95.4360000000000067
9551.303,95.5130000000000048
9558.152,95.5809999999999885
9560.043,95.5999999999999938
9566.611,95.6659999999999965
9575.599,95.754999999999995
9584.22,95.8419999999999841
9584.309,95.842999999999989
9585.282,95.8520000000000035
9586.184,95.8609999999999895
9591.162,95.911000000000001
9597.354,95.9729999999999844
9603.165,96.0310000000000056
9606.989,96.068999999999988
9609.405,96.0939999999999935
9610.371,96.1029999999999798
9612.061,96.1200000000000042
9621.91,96.2189999999999935
9630.506,96.3050000000000064
9639.472,96.3940000000000051
9640.057,96.4000000000000054
9642.768,96.4269999999999921
9647.474,96.4739999999999891
9652.206,96.521999999999991
9653.364,96.5329999999999867
9658.162,96.5809999999999885
9662.733,96.6269999999999808
9667.817,96.677999999999997
9677.617,96.7759999999999816
9687.29,96.8719999999999853
9691.527,96.9149999999999916
9692.527,96.9249999999999826
9701.098,97.0099999999999906
9701.495,97.0139999999999813
9702.668,97.0259999999999816
9707.505,97.0749999999999882
9710.218,97.1020000000000035
9714.801,97.1479999999999957
9718.839,97.1879999999999878
9721.192,97.2109999999999839
9725.19,97.2510000000000044
9725.779,97.2570000000000046
9732.493,97.3239999999999834
9733.731,97.3369999999999888
9737.178,97.3709999999999805
9745.746,97.4569999999999931
9752.884,97.5279999999999912
9756.881,97.5679999999999832
9763.273,97.6320000000000046
9767.087,97.669999999999987
9771.079,97.7099999999999791
9771.299,97.7119999999999888
9775.617,97.756
9779.365,97.793000000000006
9785.51,97.8549999999999892
9792.126,97.9209999999999919
9792.826,97.927999999999997
9799.08,97.9899999999999801
9807.304,98.0729999999999787
9816.444,98.1639999999999869
9822.978,98.2289999999999847
9829.696,98.2959999999999919
9836.959,98.3689999999999993
9840.2,98.4019999999999865
9845.569,98.4549999999999837
9848.731,98.4869999999999942
9849.836,98.4979999999999901
9858.169,98.5809999999999885
9862.219,98.6219999999999853
9869.977,98.6989999999999834
9874.031,98.7399999999999801
9876.843,98.7680000000000003
9880.053,98.7999999999999826
9887.192,98.8709999999999805
9887.492,98.8739999999999947
9893.108,98.9309999999999828
9900.481,99.0039999999999903
9904.478,99.0439999999999823
9905.576,99.0550000000000064
9910.885,99.1080000000000037
9916.948,99.1689999999999823
9917.8,99.177999999999997
9924.832,99.2479999999999901
9931.489,99.3139999999999923
9937.837,99.3779999999999856
9938.133,99.381
9947.724,99.4770000000000035
9956.617,99.566000000000002
9957.65,99.5759999999999931
9964.471,99.6440000000000051
9973.143,99.7309999999999941
9982.056,99.8199999999999926
9982.348,99.8229999999999787
9982.36,99.8229999999999787
9987.709,99.8769999999999808
9997.081,99.9699999999999985
10001.123,100.0109999999999953
10010.706,100.1069999999999988
10015.948,100.1589999999999914
10023.911,100.2390000000000039
10027.562,100.2750000000000054
10037.483,100.3739999999999947
10039.389,100.3930000000000003
10042.941,100.4290000000000016
10043.132,100.4309999999999828
10051.615,100.5159999999999907
10056.796,100.5669999999999783
10064.503,100.6449999999999816
10072.931,100.7289999999999847
10080.136,100.8009999999999873
10083.868,100.8379999999999935
10090.202,100.9019999999999865
10092.431,100.9240000000000062
10095.505,100.9549999999999837
10096.31,100.9629999999999935
10101.683,101.0159999999999907
10102.536,101.0250000000000054
10105.282,101.0519999999999921
10107.496,101.0739999999999834
10107.583,101.0749999999999882
10108.583,101.0849999999999791
10108.832,101.0879999999999935
10111.482,101.1140000000000039
10112.925,101.1289999999999903
10113.586,101.1349999999999906
10118.724,101.1869999999999829
10119.38,101.1929999999999832
10121.607,101.2159999999999793
10130.17,101.3009999999999873
10133.865,101.3379999999999935
10135.486,101.3539999999999847
10136.037,101.3599999999999848
10141.634,101.4159999999999965
10150.746,101.5070000000000046
10158.481,101.5840000000000028
10167.331,101.6730000000000015
10171.895,101.717999999999989
10180.868,101.8079999999999923
10182.402,101.8239999999999834
10185.724,101.8569999999999988
10187.72,101.8769999999999808
10194.849,101.9479999999999787
10199.179,101.9909999999999851
10203.448,102.0339999999999914
10208.73,102.0869999999999888
10211.747,102.1169999999999898
10215.241,102.1519999999999865
10215.945,102.1589999999999914
10223.76,102.2369999999999942
10227.978,102.278999999999996
10235.488,102.3539999999999847
10239.371,102.3930000000000003
10248.643,102.4859999999999895
10250.247,102.5019999999999808
10250.537,102.504999999999995
10254.039,102.5399999999999916
10262.996,102.6289999999999903
10263.952,102.6389999999999813
10267.878,102.677999999999997
10276.589,102.7649999999999861
10285.373,102.8529999999999798
10292.049,102.919999999999987
10298.957,102.9890000000000039
10300.884,103.0079999999999809
10310.757,103.1069999999999988
10319.938,103.1989999999999834
10327.531,103.2750000000000054
10333.328,103.3329999999999981
10336.973,103.3689999999999993
10341.532,103.4149999999999916
10346.543,103.4650000000000029
10352.967,103.528999999999996
10356.731,103.5669999999999783
10359.271,103.5919999999999841
10362.92,103.6289999999999903
10368.431,103.6839999999999972
10371.04,103.7099999999999791
10372.359,103.7229999999999844
10377.319,103.7729999999999957
10379.324,103.793000000000006
10386.141,103.8609999999999895
10391.282,103.9120000000000058
10394.055,103.9399999999999975
10395.03,103.9499999999999882
10400.274,104.0019999999999808
10408.793,104.0869999999999888
10409.967,104.0989999999999891
10413.922,104.1389999999999813
10415.52,104.1550000000000008
10417.851,104.177999999999997
10418.319,104.1829999999999923
10424.173,104.2409999999999851
10433.88,104.3379999999999935
10441.348,104.412999999999982
10441.387,104.412999999999982
10447.477,104.4739999999999891
10449.263,104.4919999999999898
10455.053,104.5499999999999826
10461.182,104.6109999999999895
10462.883,104.6279999999999856
10463.697,104.6359999999999953
10470.561,104.7049999999999837
10479.38,104.793000000000006
10489.148,104.8909999999999907
10496.344,104.9629999999999935
10502.43,105.0240000000000006
10512.094,105.1200000000000042
10515.378,105.1529999999999912
10520.454,105.2039999999999789
10528.481,105.2839999999999914
10531.485,105.3139999999999923
10539.849,105.3979999999999957
10545.344,105.4530000000000026
10549.497,105.4939999999999993
10558.805,105.5879999999999935
10562.961,105.6289999999999903
10568.169,105.6809999999999828
10577.535,105.7750000000000054
10580.207,105.8019999999999921
10587.429,105.8739999999999947
10596.203,105.9619999999999888
10596.532,105.9650000000000029
10600.251,106.0019999999999808
10604.51,106.044999999999987
10604.524,106.044999999999987
10605.463,106.0540000000000016
10607.94,106.0789999999999789
10617.725,106.1769999999999921
10620.907,106.2090000000000028
10626.659,106.2659999999999907
10635.247,106.3520000000000035
10641.684,106.4159999999999965
10646.269,106.4619999999999888
10649.914,106.4989999999999947
10654.36,106.543000000000006
10661.037,106.6099999999999848
10664.398,106.6430000000000003
10670.116,106.7009999999999931
10678.923,106.7889999999999869
10686.67,106.8659999999999851
10696.12,106.9609999999999839
10705.121,107.0509999999999873
10715.04,107.1500000000000054
10719.083,107.1899999999999975
10722.85,107.2279999999999798
10731.803,107.3179999999999832
10741.464,107.4139999999999868
10742.115,107.4209999999999919
10750.034,107.5
10756.889,107.5679999999999832
10763.646,107.6359999999999953
10765.957,107.6589999999999914
10768.406,107.6839999999999972
10773.795,107.7369999999999942
10775.96,107.7589999999999859
10783.69,107.8359999999999839
10785.35,107.8529999999999798
10792.816,107.927999999999997
10802.044,108.0199999999999813
10809.258,108.0919999999999841
10812.199,108.1209999999999805
10817.028,108.1699999999999869
10821.559,108.2150000000000029
10823.499,108.23399999999998
10828.439,108.2839999999999914
10830.495,108.3040000000000016
10838.277,108.3820000000000046
10843.632,108.4360000000000067
10852.074,108.5199999999999813
10856.452,108.5639999999999923
10857.843,108.5780000000000026
10867.593,108.6749999999999826
10871.862,108.7179999999999888
10874.87,108.7479999999999901
10883.299,108.8319999999999931
10884.089,108.8400000000000029
10892.269,108.9219999999999966
10899.538,108.9950000000000041
10900.562,109.004999999999995
10910.316,109.1029999999999798
10911.88,109.1179999999999945
10919.701,109.1970000000000023
10922.743,109.2270000000000035
10925.213,109.2519999999999808
10925.967,109.2589999999999859
10926.333,109.2630000000000048
10930.58,109.3050000000000064
10934.649,109.3460000000000033
10935.725,109.3569999999999988
10944.503,109.4449999999999926
10950.185,109.5010000000000044
10954.505,109.5449999999999869
10956.971,109.568999999999988
10959.812,109.5979999999999844
10965.776,109.656999999999982
10975.129,109.7510000000000044
10976.304,109.7630000000000048
10984.027,109.8400000000000029
10993.786,109.9369999999999829
10999.896,109.99799999999999
11009.222,110.0919999999999841
11009.249,110.0919999999999841
11013.167,110.131
11022.482,110.2239999999999891
11024.904,110.2489999999999947
11031.642,110.316000000000002
11034.146,110.3409999999999793
11036.391,110.362999999999999
11041.225,110.4120000000000056
11041.473,110.4139999999999867
11041.873,110.4180000000000058
11041.948,110.4189999999999823
11048.345,110.4830000000000037
11057.619,110.5759999999999929
11061.702,110.6169999999999898
11068.634,110.6860000000000067
11072.408,110.7239999999999891
11079.459,110.7939999999999823
11087.553,110.875
11093.514,110.9350000000000019
11100.604,111.006
11105.976,111.0589999999999972
11115.519,111.1550000000000008
11120.075,111.1999999999999882
11123.594,111.2349999999999848
11129.596,111.2949999999999869
11138.571,111.3849999999999904
11145.112,111.4509999999999929
11152.812,111.527999999999991
11156.542,111.5649999999999975
11160.116,111.6009999999999985
11166.798,111.6670000000000012
11173.015,111.7299999999999892
11177.584,111.7750000000000053
11180.47,111.8040000000000015
11181.321,111.8129999999999878
11190.065,111.9000000000000053
11192.397,111.9230000000000013
11193.521,111.9350000000000019
11194.335,111.9429999999999832
11196.459,111.9639999999999985
11199.679,111.9959999999999805
11201.509,112.014999999999986
11207.622,112.0759999999999929
11211.652,112.1159999999999851
11215.328,112.152999999999991
11222.78,112.2270000000000035
11230.042,112.2999999999999826
11235.311,112.3529999999999798
11242.092,112.4199999999999869
11246.969,112.4689999999999935
11248.416,112.48399999999998
11248.421,112.48399999999998
11250.101,112.5010000000000043
11254.355,112.5430000000000058
11254.999,112.5490000000000062
11255.635,112.5559999999999828
11258.278,112.5819999999999931
11260.361,112.6029999999999797
11263.845,112.6380000000000048
11273.169,112.7309999999999941
11274.051,112.7399999999999801
11276.205,112.762
11282.227,112.8220000000000023
11290.81,112.9079999999999865
11297.954,112.9789999999999845
11305.983,113.0589999999999972
11307.555,113.0749999999999882
11309.146,113.0909999999999792
11312.567,113.125
11318.624,113.1860000000000067
11325.896,113.2579999999999809
11327.053,113.2699999999999813
11333.686,113.3359999999999838
11340.965,113.4089999999999914
11349.51,113.4950000000000041
11355.885,113.5579999999999923
11361.431,113.6140000000000039
11369.55,113.6949999999999926
11369.808,113.6979999999999786
11374.602,113.7459999999999805
11375.175,113.7510000000000043
11384.324,113.8429999999999888
11385.125,113.8509999999999985
11385.618,113.8559999999999941
11390.789,113.906999999999982
11393.718,113.9369999999999829
11401.269,114.012
11408.42,114.0840000000000026
11408.743,114.0869999999999887
11412.924,114.1289999999999903
11417.491,114.174000000000006
11419.221,114.1919999999999782
11427.469,114.2740000000000005
11428.541,114.2849999999999962
11435.227,114.3520000000000035
11443.4,114.4339999999999972
11448.859,114.487999999999999
11453.59,114.5349999999999962
11459.478,114.5939999999999935
11468.301,114.6829999999999923
11477.266,114.7719999999999908
11484.599,114.8449999999999985
11490.35,114.9029999999999908
11494.447,114.943999999999988
11498.665,114.9859999999999895
11502.4,115.0240000000000005
11509.43,115.0939999999999935
11514.586,115.1449999999999813
11518.158,115.1809999999999828
11527.049,115.2699999999999813
11536.778,115.3669999999999897
11544.151,115.441000000000002
11552.874,115.5279999999999907
11552.926,115.528999999999996
11554.493,115.5439999999999823
11561.435,115.6140000000000038
11568.276,115.6819999999999875
11577.471,115.7740000000000005
11577.812,115.7779999999999907
11584.917,115.8489999999999891
11593.769,115.9369999999999828
11595.539,115.9549999999999836
11603.988,116.0389999999999867
11608.823,116.0879999999999932
11613.924,116.1389999999999812
11615.327,116.1529999999999907
11616.604,116.1659999999999965
11620.194,116.2009999999999927
11626.409,116.2639999999999812
11635.78,116.3569999999999987
11638.173,116.381
11647.406,116.4739999999999891
11653.715,116.5370000000000055
11656.543,116.5649999999999975
11663.48,116.6339999999999857
11666.876,116.6680000000000057
11667.939,116.6790000000000015
11673.941,116.7390000000000038
11678.71,116.7870000000000055
11688.342,116.8829999999999808
11694.198,116.941000000000002
11695.676,116.9559999999999883
11698.212,116.9819999999999987
11700.781,117.0070000000000045
11702.791,117.0269999999999863
11711.527,117.1149999999999801
11717.906,117.1790000000000015
11722.825,117.2279999999999797
11730.432,117.3040000000000015
11739.422,117.394000000000005
11743.013,117.4300000000000063
11744.868,117.4479999999999786
11751.957,117.519000000000005
11757.284,117.5720000000000023
11763.158,117.631
11766.421,117.6639999999999867
11774.517,117.7450000000000041
11777.682,117.7759999999999816
11779.723,117.7969999999999966
11784.192,117.8409999999999792
11792.156,117.9209999999999918
11796.487,117.9639999999999985
11799.151,117.990999999999985
11802.724,118.0269999999999863
11805.707,118.0569999999999875
11814.857,118.1479999999999957
11824.639,118.2459999999999805
11831.956,118.318999999999988
11832.416,118.3239999999999833
11839.691,118.3959999999999862
11841.589,118.4149999999999913
11844.488,118.443999999999988
11849.697,118.4959999999999805
11855.474,118.5540000000000015
11859.234,118.591999999999984
11867.026,118.6699999999999868
11869.447,118.693999999999988
11877.403,118.7740000000000005
11884.249,118.841999999999984
11887.694,118.8760000000000043
11894.386,118.9429999999999831
11902.095,119.0199999999999813
11911.732,119.1169999999999897
11919.091,119.1899999999999975
11927.877,119.2779999999999907
11929.292,119.2920000000000012
11939.266,119.3919999999999955
11947.925,119.4789999999999845
11951.554,119.514999999999986
11955.967,119.5589999999999972
11956.419,119.5639999999999922
11961.283,119.6119999999999942
11964.536,119.6449999999999813
11969.02,119.6899999999999975
11973.989,119.7390000000000038
11979.667,119.7959999999999918
11981.389,119.8129999999999878
11987.601,119.8760000000000043
11988.452,119.8839999999999857
11993.434,119.9339999999999972
11997.961,119.9789999999999845
12006.629,120.066000000000002
12015.956,120.1589999999999913
12022.233,120.2219999999999796
12029.865,120.2980000000000013
12033.879,120.3379999999999932
12036.994,120.3689999999999992
12041.161,120.411000000000001
12050.047,120.5
12058.155,120.5809999999999883
12065.128,120.6509999999999816
12068.61,120.6860000000000067
12073.243,120.7319999999999987
12075.358,120.7529999999999855
12078.004,120.7800000000000007
12078.598,120.7849999999999962
12084.353,120.8429999999999888
12093.113,120.9309999999999828
12095.062,120.9499999999999882
12104.247,121.0420000000000012
12111.659,121.115999999999985
12112.86,121.1279999999999855
12122.229,121.2219999999999796
12125.574,121.254999999999995
12132.167,121.3209999999999976
12133.921,121.3389999999999985
12141.171,121.411000000000001
12142.33,121.4230000000000013
12143.975,121.4389999999999922
12152.974,121.528999999999996
12160.456,121.6039999999999845
12161.025,121.6099999999999847
12165.999,121.6589999999999913
12175.804,121.7579999999999808
12176.678,121.7659999999999903
12177.643,121.7759999999999816
12181.507,121.8149999999999975
12190.142,121.9009999999999816
12197.436,121.9739999999999891
12203.101,122.0310000000000055
12208.883,122.0879999999999932
12212.562,122.125
12215.626,122.1560000000000055
12219.049,122.1899999999999975
12228.936,122.2889999999999867
12236.51,122.3649999999999801
12242.25,122.4219999999999966
12245.396,122.4530000000000025
12254.845,122.5480000000000013
12261.418,122.6140000000000038
12267.016,122.6699999999999868
12272.189,122.7210000000000032
12277.836,122.7779999999999907
12282.686,122.8259999999999927
12283.198,122.8309999999999883
12292.21,122.9219999999999966
12293.251,122.9319999999999875
12298.797,122.9869999999999942
12304.941,123.049000000000006
12313.21,123.1320000000000045
12320.526,123.2049999999999836
12327.782,123.2769999999999863
12330.222,123.3019999999999918
12330.608,123.3059999999999828
12340.248,123.4019999999999863
12347.979,123.4789999999999845
12355.391,123.552999999999997
12357.56,123.5749999999999882
12359.94,123.5989999999999891
12368.971,123.6889999999999922
12375.415,123.7539999999999902
12375.844,123.7579999999999808
12379.242,123.7920000000000012
12382.573,123.8249999999999882
12389.848,123.8979999999999957
12390.845,123.9079999999999865
12396.691,123.9659999999999792
12401.447,124.0139999999999812
12409.014,124.0900000000000028
12417.214,124.1719999999999966
12419.729,124.1970000000000023
12422.711,124.2270000000000035
12432.034,124.3199999999999926
12433.543,124.334999999999979
12443.473,124.4339999999999972
12446.776,124.466999999999984
12448.421,124.48399999999998
12456.56,124.5649999999999975
12461.689,124.615999999999985
12463.093,124.629999999999995
12471.728,124.716999999999984
12474.002,124.7399999999999801
12477.479,124.7740000000000005
12478.168,124.7810000000000055
12480.594,124.8050000000000063
12487.651,124.8760000000000043
12494.962,124.9489999999999833
12498.914,124.9890000000000038
12508.689,125.0859999999999837
12511.797,125.1169999999999897
12516.834,125.1680000000000057
12524.02,125.2399999999999801
12527.944,125.278999999999996
12531.304,125.3129999999999878
12535.223,125.3520000000000035
12542.501,125.4249999999999826
12550.446,125.5039999999999902
12558.598,125.584999999999979
12565.659,125.6560000000000055
12567.836,125.677999999999997
12571.025,125.709999999999979
12580.763,125.8069999999999875
12590.509,125.9050000000000007
12592.133,125.9209999999999918
12601.049,126.0099999999999903
12603.957,126.0389999999999867
12610.966,126.10899999999998
12612.764,126.1269999999999806
12617.172,126.1709999999999918
12620.627,126.2059999999999883
12622.7,126.2270000000000035
12627.501,126.2750000000000052
12634.151,126.3409999999999792
12639.373,126.3930000000000001
12646.912,126.4689999999999935
12655.448,126.5540000000000015
12661.489,126.6140000000000038
12670.383,126.7030000000000025
12675.339,126.7529999999999855
12677.54,126.7750000000000052
12678.72,126.7870000000000055
12684.949,126.8489999999999891
12692.796,126.9269999999999918
12693.911,126.9389999999999922
12698.827,126.987999999999999
12703.417,127.0339999999999913
12711.958,127.1189999999999992
12715.181,127.1509999999999816
12716.529,127.1649999999999913
12719.694,127.1959999999999976
12729.345,127.2930000000000057
12734.171,127.3409999999999792
12739.083,127.389999999999986
12746.381,127.4629999999999932
12747.105,127.4710000000000032
12747.797,127.4770000000000035
12750.598,127.504999999999995
12759.39,127.5929999999999888
12768.416,127.6839999999999972
12775.764,127.7570000000000045
12779.104,127.7909999999999965
12780.869,127.8079999999999922
12790.57,127.9050000000000007
12799.962,127.9989999999999947
12804.403,128.0439999999999823
12809.466,128.0939999999999935
12813.136,128.1309999999999712
12823.134,128.2309999999999941
12831.032,128.3100000000000018
12833.005,128.3299999999999836
12837.676,128.375999999999976
12843.025,128.4300000000000063
12843.781,128.4370000000000113
12846.683,128.4660000000000077
12854.971,128.5489999999999778
12858.013,128.5799999999999836
12865.918,128.6589999999999913
12871.829,128.7179999999999603
12876.979,128.769000000000005
12886.196,128.8609999999999895
12886.293,128.861999999999966
12894.346,128.9429999999999831
12895.71,128.9569999999999931
12902.949,129.028999999999996
12910.069,129.0999999999999653
12915.661,129.1560000000000055
12921.57,129.2149999999999746
12930.793,129.306999999999959
12937.793,129.377000000000009
12942.717,129.4269999999999636
12946.326,129.462999999999965
12955.064,129.550000000000011
12961.358,129.612999999999999
12969.698,129.6959999999999691
12974.046,129.7400000000000087
12976.184,129.7609999999999667
12980.322,129.802999999999997
12988.034,129.879999999999995
12992.184,129.9209999999999918
12992.306,129.9230000000000013
12992.627,129.9259999999999872
12995.855,129.9579999999999695
12996.465,129.9639999999999985
12998.761,129.986999999999966
13007.254,130.0720000000000023
13012.323,130.12299999999999
13019.278,130.192000000000007
13026.647,130.2659999999999621
13028.951,130.2889999999999867
13029.928,130.2989999999999778
13031.109,130.3109999999999782
13036.258,130.361999999999966
13036.665,130.365999999999985
13046.049,130.459999999999979
13050.846,130.5079999999999808
13053.132,130.5310000000000055
13059.012,130.5899999999999746
13065.783,130.656999999999982
