 topology_rogers_ca.sdnController (#0 - ScenarioSim3_2-0-20180716-18:50:36-10769),
4502,45.01999999999999582
4507.488,45.07399999999999787
4513.416,45.13400000000000017
4520.568,45.20499999999999812
4529.011,45.28999999999999187
4535.039,45.34999999999999412
4543.618,45.43599999999999267
4549.067,45.48999999999999462
4557.54,45.5750000000000027
4561.777,45.61699999999999005
4568.013,45.6799999999999924
4574.472,45.74399999999999957
4578.316,45.783000000000001
4582.692,45.82599999999999327
4585.667,45.8559999999999944
4594.585,45.94499999999999305
4595.152,45.95099999999999327
4604.789,46.04699999999999677
4607.516,46.0750000000000027
4611.35,46.1129999999999994
4616.127,46.16100000000000115
4624.044,46.2399999999999946
4632.166,46.32099999999999775
4637.455,46.37399999999999505
4642.255,46.42199999999999675
4647.935,46.47899999999999905
4651.863,46.5180000000000005
4661.119,46.61099999999998985
4669.48,46.6940000000000024
4670.19,46.70099999999999325
4673.564,46.73499999999999925
4674.435,46.74399999999999955
4680.917,46.80899999999999725
4681.119,46.81099999999999265
4684.801,46.8479999999999988
4693.127,46.9309999999999971
4702.699,47.02599999999999605
4710.481,47.10399999999999905
4711.885,47.11799999999999475
4720.585,47.2049999999999981
4729.286,47.2920000000000014
4739.072,47.3900000000000004
4743.808,47.4380000000000022
4751.8,47.5180000000000005
4759.809,47.5979999999999988
4764.424,47.643999999999991
4769.629,47.69599999999999775
4777.434,47.77400000000000075
4784.223,47.8419999999999986
4785.406,47.85399999999999905
4792.612,47.92600000000000175
4799.011,47.9899999999999946
4804.831,48.04800000000000165
4806.265,48.06199999999999735
4811.639,48.1159999999999994
4821.086,48.2099999999999935
4828.672,48.28600000000000115
4833.89,48.33799999999999365
4834.949,48.34899999999998935
4839.096,48.3900000000000004
4843.832,48.4380000000000022
4846.478,48.4639999999999985
4848.341,48.48299999999998965
4856.083,48.5600000000000021
4863.452,48.63400000000000015
4868.014,48.6799999999999924
4870.18,48.70099999999999325
4875.864,48.75799999999999535
4877.216,48.77199999999999115
4877.404,48.77400000000000075
4880.645,48.8059999999999971
4886.821,48.86799999999999475
4888.318,48.88299999999999535
4894.439,48.9440000000000024
4896.662,48.96599999999999375
4902.831,49.0279999999999914
4906.696,49.0660000000000023
4916.133,49.16100000000000115
4925.159,49.2509999999999904
4931.977,49.3190000000000024
4936.476,49.3639999999999899
4940.071,49.3999999999999913
4946.202,49.4620000000000031
4950.572,49.5049999999999953
4959.595,49.59499999999999875
4966.571,49.66499999999999185
4967.564,49.6749999999999969
4968.166,49.6809999999999971
4977.864,49.7779999999999914
4984.532,49.84499999999999875
4991.063,49.9099999999999963
4997.769,49.97699999999998945
4999.478,49.99399999999999955
5001.582,50.0150000000000004
5005.164,50.05100000000000175
5006.453,50.0639999999999928
5013.96,50.1389999999999956
5017.114,50.17099999999999205
5023.192,50.2309999999999944
5026.829,50.2680000000000005
5030.079,50.2999999999999969
5035.781,50.35699999999999925
5036.165,50.36099999999998985
5040.551,50.40500000000000095
5046.894,50.46800000000000335
5056.778,50.56699999999999295
5066.367,50.66299999999999655
5067.387,50.67300000000000165
5073.915,50.7389999999999899
5076.004,50.7599999999999908
5082.355,50.82299999999999315
5083.968,50.8389999999999985
5093.921,50.9389999999999928
5100.452,51.00399999999999045
5106.271,51.06199999999999735
5108.804,51.08799999999999365
5112.948,51.12899999999999045
5117.611,51.17600000000000175
5122.358,51.2229999999999988
5124.802,51.24799999999999025
5131.037,51.3100000000000021
5132.627,51.32599999999999325
5136.007,51.35999999999999925
5137.111,51.3709999999999949
5143.859,51.4380000000000022
5150.422,51.50399999999999045
5153.594,51.5349999999999963
5154.976,51.5489999999999922
5162.759,51.62699999999999515
5164.725,51.64699999999999115
5174.221,51.74199999999999005
5177.908,51.77899999999999615
5184.533,51.84499999999999875
5192.743,51.92699999999999235
5192.879,51.92799999999999705
5193.85,51.9380000000000022
5200.078,52
5208.457,52.084000000000003
5215.194,52.15099999999999605
5216.155,52.16100000000000115
5225.874,52.25799999999999535
5235.639,52.3559999999999944
5244.421,52.4440000000000024
5249.108,52.4909999999999994
5254.204,52.5420000000000014
5263.972,52.6389999999999956
5264.529,52.6449999999999958
5270.577,52.7049999999999981
5275.089,52.75
5282.482,52.82399999999999785
5282.682,52.82599999999999325
5283.074,52.8299999999999981
5287.491,52.87399999999999505
5290.319,52.9029999999999914
5300.115,53.0009999999999904
5301.317,53.0129999999999908
5304.911,53.0489999999999922
5307.872,53.0780000000000028
5312.681,53.1259999999999904
5313.868,53.1379999999999908
5320.755,53.20699999999999345
5323.935,53.2389999999999899
5332.74,53.326999999999998
5336.883,53.36799999999999475
5346.065,53.4599999999999935
5346.706,53.4669999999999986
5348.874,53.4879999999999994
5355.799,53.55700000000000195
5361.451,53.6139999999999899
5367.117,53.67099999999999205
5375.768,53.75699999999999065
5378.422,53.7839999999999916
5383.512,53.83499999999999345
5388.744,53.88700000000000025
5397.911,53.97899999999999905
5398.85,53.9879999999999994
5408.062,54.0799999999999981
5413.821,54.1379999999999908
5414.652,54.1460000000000006
5423.945,54.2389999999999899
5426.722,54.2669999999999957
5429.908,54.2989999999999922
5430.002,54.2999999999999969
5436.676,54.3659999999999994
5445.099,54.4500000000000027
5446.417,54.4639999999999985
5452.889,54.5279999999999914
5460.052,54.5999999999999941
5468.466,54.68399999999999725
5471.36,54.71299999999999365
5474.007,54.7399999999999946
5475.839,54.75799999999999535
5479.817,54.79800000000000165
5485.682,54.8559999999999944
5491.21,54.9119999999999917
5491.411,54.9140000000000013
5493.06,54.9299999999999924
5501.349,55.0129999999999908
5505.047,55.0499999999999969
5505.094,55.0499999999999969
5506.558,55.0649999999999975
5513.336,55.1329999999999953
5519.032,55.1899999999999975
5521.732,55.2169999999999986
5528.769,55.2869999999999917
5536.121,55.3609999999999898
5539.006,55.3900000000000004
5548.628,55.4859999999999898
5552.961,55.52899999999999615
5555.449,55.55400000000000185
5563.01,55.6299999999999952
5568.772,55.68699999999999735
5572.733,55.72699999999998945
5578.653,55.78600000000000115
5587.613,55.8759999999999904
5593.336,55.93299999999999255
5599.725,55.99699999999999965
5601.956,56.018999999999991
5610.872,56.10799999999998965
5620.399,56.2030000000000028
5627.2,56.27199999999999115
5631.671,56.31600000000000225
5636.163,56.3609999999999898
5644.627,56.44599999999999775
5654.413,56.54399999999999665
5661.408,56.61399999999998985
5662.57,56.625
5665.544,56.65500000000000095
5673.214,56.73199999999999925
5681.352,56.81300000000000215
5685.47,56.85399999999999905
5689.435,56.893999999999991
5696.189,56.9609999999999983
5705,57.0499999999999969
5707.498,57.07399999999999785
5713.311,57.1329999999999952
5716.443,57.16400000000000125
5725.26,57.25199999999999515
5734.914,57.3489999999999893
5741.839,57.4179999999999919
5747.724,57.47699999999998945
5754.977,57.54899999999999215
5761.574,57.6149999999999946
5766.587,57.6649999999999918
5771.919,57.7189999999999939
5781.48,57.81399999999999275
5783.785,57.837000000000003
5790.225,57.90200000000000075
5794.174,57.94100000000000225
5798.413,57.9839999999999944
5804.601,58.045999999999992
5810.665,58.10599999999999435
5815.414,58.1539999999999961
5815.606,58.1559999999999914
5820.307,58.20300000000000275
5823.323,58.2329999999999896
5830.484,58.3040000000000018
5837.086,58.36999999999999005
5839.966,58.39900000000000065
5842.867,58.42799999999999705
5846.702,58.4669999999999986
5852.882,58.5279999999999914
5860.374,58.60299999999999415
5864.662,58.6460000000000006
5873.447,58.7339999999999944
5874.802,58.74799999999999025
5875.831,58.75799999999999515
5878.814,58.78799999999999635
5879.738,58.79699999999999675
5885.438,58.85399999999999905
5888.978,58.88899999999999535
5894.887,58.9479999999999931
5900.405,59.0039999999999904
5906.148,59.0609999999999926
5906.484,59.06399999999999275
5913.016,59.12999999999999515
5922.706,59.2269999999999894
5929.227,59.2920000000000013
5932.437,59.32399999999999785
5936.751,59.36699999999999
5938.964,59.38899999999999535
5947.929,59.47899999999999905
5949.342,59.49299999999999475
5953.018,59.5300000000000009
5953.991,59.53900000000000125
5958.35,59.58299999999999825
5968.19,59.6809999999999971
5977.109,59.7710000000000006
5979.712,59.79699999999999675
5987.774,59.8769999999999951
5993.144,59.9309999999999971
6000.183,60.0009999999999903
6004.662,60.045999999999992
6005.664,60.0559999999999971
6006.66,60.06600000000000225
6015.855,60.158000000000001
6019.378,60.1929999999999976
6026.52,60.26500000000000035
6031.212,60.31199999999999735
6041.2,60.41199999999999165
6049.611,60.49599999999999485
6051.105,60.51099999999999535
6060.151,60.600999999999999
6068.832,60.68800000000000215
6069.208,60.69199999999999285
6070.833,60.70799999999999825
6075.916,60.75900000000000005
6082.072,60.819999999999993
6083.74,60.837000000000003
6084.978,60.8489999999999893
6092.769,60.92699999999999225
6101.249,61.01200000000000025
6109.898,61.0979999999999988
6117.971,61.1790000000000018
6122.085,61.21999999999999875
6127.776,61.27700000000000075
6129.176,61.29099999999999655
6133.248,61.33199999999999335
6133.58,61.3349999999999934
6134.272,61.3419999999999986
6144.098,61.4399999999999975
6151.072,61.50999999999999065
6154.805,61.5480000000000016
6159.34,61.59300000000000335
6163.541,61.63499999999999065
6170.762,61.70699999999999335
6171.268,61.712000000000003
6179.932,61.79899999999999215
6183.587,61.8349999999999934
6193.342,61.9329999999999925
6193.508,61.93500000000000205
6202.066,62.01999999999999565
6204.373,62.04299999999999185
6204.49,62.0439999999999966
6212.139,62.12099999999999485
6215.739,62.1569999999999961
6225.18,62.2509999999999903
6232.48,62.32399999999999785
6239.98,62.39900000000000065
6241.696,62.41599999999999655
6245.09,62.4500000000000026
6250.3,62.503
6255.195,62.55100000000000175
6255.738,62.5570000000000019
6259.128,62.59099999999999375
6261.128,62.6109999999999898
6262.923,62.6289999999999904
6263.108,62.631
6264.818,62.6479999999999959
6272.755,62.7269999999999894
6277.39,62.7729999999999959
6279.629,62.795999999999992
6288.375,62.88299999999999515
6291.829,62.91799999999999185
6301.27,63.01200000000000025
6310.551,63.1049999999999895
6316.634,63.16599999999999655
6323.678,63.2359999999999898
6329.645,63.295999999999992
6329.963,63.29899999999999215
6337.799,63.3769999999999951
6339.446,63.393999999999991
6344.446,63.44400000000000235
6350.661,63.506
6351.165,63.51099999999999535
6356.937,63.56900000000000235
6363.928,63.63899999999999535
6366.307,63.66299999999999635
6376.231,63.76200000000000025
6385.573,63.8549999999999895
6388.246,63.8819999999999906
6394.386,63.9429999999999976
6401.177,64.01099999999999535
6406.533,64.0649999999999975
6415.176,64.1509999999999818
6421.075,64.20999999999997935
6428.583,64.2849999999999963
6435.884,64.35800000000000385
6445.529,64.4549999999999838
6448.648,64.4859999999999898
6454.19,64.54099999999999655
6458.172,64.58099999999998875
6460.296,64.6020000000000036
6462.394,64.62299999999999025
6464.618,64.64599999999998635
6466.48,64.66399999999998705
6468.667,64.68600000000000685
6478.111,64.78100000000000565
6483.807,64.8379999999999936
6491.203,64.9120000000000059
6495.724,64.95699999999999335
6500.629,65.006
6510.331,65.10299999999998
6512.605,65.1260000000000045
6519.41,65.19399999999998825
6521.954,65.2189999999999939
6522.807,65.22799999999998
6523.387,65.23300000000000385
6523.951,65.239000000000004
6528.295,65.28199999999998205
6533.173,65.33099999999998875
6536.291,65.36199999999999455
6545.101,65.45099999999999315
6552.064,65.5199999999999816
6561.828,65.61799999999999475
6565.606,65.65600000000000565
6571.783,65.71699999999998435
6573.579,65.734999999999985
6579.004,65.7899999999999918
6579.251,65.7920000000000013
6587.797,65.8769999999999809
6588.469,65.8839999999999859
6595.907,65.95900000000000285
6602.701,66.0269999999999866
6607.487,66.07399999999998365
6612.024,66.12000000000000435
6618.795,66.18699999999998315
6624.161,66.2409999999999853
6630.231,66.30199999999999225
6639.198,66.390999999999991
6646.345,66.4629999999999936
6656.248,66.56199999999998315
6660.943,66.60899999999998015
6663.112,66.631
6667.672,66.6759999999999875
6674.303,66.74299999999999475
6683.367,66.83299999999999825
6686,66.859999999999985
6687.372,66.87299999999999025
6687.579,66.875
6689.871,66.8979999999999959
6697.455,66.9739999999999893
6706.271,67.06199999999998315
6709.471,67.0939999999999939
6718.515,67.18500000000000205
6722.35,67.2229999999999844
6728.808,67.28799999999998225
6734.691,67.3460000000000035
6737.938,67.3789999999999904
6746.248,67.4619999999999889
6751.445,67.5139999999999813
6757.735,67.576999999999998
6757.736,67.576999999999998
6766.463,67.66399999999998705
6769.582,67.694999999999993
6772.317,67.7229999999999844
6776.572,67.76499999999998615
6784.552,67.84499999999999875
6793.405,67.93399999999999725
6795.261,67.951999999999998
6802.06,68.0199999999999816
6811.588,68.1149999999999804
6816.149,68.16100000000000105
6823.024,68.2299999999999895
6827.858,68.2779999999999914
6830.013,68.29999999999998265
6837.9,68.3789999999999904
6847.374,68.4729999999999844
6849.668,68.49599999999998065
6856.977,68.56899999999998825
6865.78,68.65699999999998205
6868.319,68.6829999999999925
6871.456,68.7139999999999985
6873.589,68.734999999999985
6883.164,68.8309999999999885
6888.346,68.88299999999998105
6893.064,68.9300000000000066
6893.321,68.9329999999999925
6900.437,69.0039999999999904
6902.512,69.0250000000000054
6904.049,69.03999999999999165
6908.296,69.08199999999999335
6915.6,69.15600000000000565
6919.342,69.19299999999998335
6925.805,69.25799999999998105
6930.441,69.3040000000000018
6932.59,69.3249999999999883
6935.366,69.35299999999998
6937.231,69.37199999999998535
6943.099,69.4300000000000066
6951.175,69.51099999999999535
6959.814,69.5979999999999844
6967.285,69.67199999999999675
6968.46,69.68399999999999725
6975.208,69.7519999999999809
6980.382,69.80299999999999705
6983.151,69.8309999999999885
6984.472,69.8439999999999938
6986.221,69.86199999999999455
6993.39,69.9329999999999925
7000.435,70.0039999999999904
7004.396,70.0430000000000061
7009.028,70.09000000000000315
7014.682,70.1459999999999863
7023.086,70.2299999999999895
7024.919,70.248999999999995
7026.968,70.26900000000000525
7028.416,70.28399999999999155
7030.066,70.29999999999998265
7034.947,70.3489999999999893
7036.195,70.36099999999998975
7039.751,70.39699999999999115
7046.972,70.4689999999999938
7056.376,70.56299999999998785
7056.681,70.56600000000000225
7064.334,70.6430000000000004
7071.804,70.7179999999999891
7079.291,70.7920000000000013
7080.217,70.80199999999999225
7089.254,70.89199999999999555
7091.429,70.913999999999987
7092.263,70.92199999999999675
7099.756,70.99699999999998535
7105.278,71.05199999999999225
7112.595,71.125
7118.44,71.18399999999999725
7118.896,71.18799999999998785
7128.515,71.2849999999999963
7130.607,71.305999999999983
7133.528,71.33499999999997915
7136.397,71.36299999999999925
7138.805,71.3880000000000049
7145.578,71.4549999999999838
7146.581,71.4650000000000031
7147.211,71.47199999999997975
7147.375,71.4729999999999844
7152.931,71.5289999999999961
7162.226,71.62199999999998535
7162.318,71.62299999999999015
7169.017,71.6899999999999975
7177.347,71.7729999999999958
7185.199,71.8509999999999988
7195.042,71.9499999999999883
7197.859,71.97799999999998
7204.894,72.04800000000000155
7210.758,72.10699999999999905
7212.574,72.125
7213.214,72.13200000000000465
7218.338,72.1829999999999925
7223.194,72.23099999999999415
7228.998,72.288999999999987
7238.773,72.38700000000000015
7246.648,72.46599999999997935
7255.413,72.55400000000000175
7261.478,72.6140000000000039
7264.86,72.64799999999999575
7267.044,72.66999999999998725
7276.66,72.7659999999999909
7281.212,72.811999999999983
7283.529,72.83499999999997915
7292.318,72.92300000000000155
7301.811,73.0180000000000004
7306.734,73.06699999999997855
7316.148,73.161000000000001
7323.304,73.23300000000000375
7331.296,73.311999999999983
7336.158,73.36099999999998965
7342.462,73.4240000000000063
7349.547,73.49500000000000435
7358.29,73.5819999999999933
7363.271,73.63200000000000465
7366.201,73.6620000000000058
7374.647,73.7459999999999805
7383.136,73.8309999999999885
7385.079,73.8499999999999939
7391.258,73.9120000000000058
7398.991,73.9890000000000039
7399.123,73.9909999999999853
7408.866,74.08799999999999355
7412.338,74.12299999999999015
7420.961,74.20900000000000285
7422.442,74.22399999999998925
7430.246,74.30199999999999225
7440.064,74.4000000000000054
7449.914,74.49899999999999485
7454.698,74.545999999999992
7462.234,74.62199999999998535
7467.208,74.67199999999999675
7467.248,74.67199999999999675
7473.643,74.73599999999998965
7476.338,74.76300000000000485
7480.024,74.79999999999998265
7484.129,74.84099999999997935
7485.498,74.85399999999998475
7489.78,74.8969999999999911
7498.001,74.9799999999999894
7500.979,75.0089999999999859
7502.877,75.02799999999999135
7506.888,75.0679999999999833
7512.001,75.12000000000000435
7513.208,75.13200000000000465
7515.451,75.15399999999999605
7525.258,75.2519999999999808
7526.236,75.26200000000000015
7530.297,75.30199999999999225
7538.919,75.3889999999999813
7544.611,75.4459999999999976
7554.34,75.54300000000000605
7557.776,75.576999999999998
7567.384,75.67300000000000155
7575.273,75.7519999999999808
7584.339,75.8429999999999891
7588.453,75.8839999999999859
7596.193,75.96099999999998405
7599.786,75.99699999999998535
7603.117,76.0310000000000056
7607.112,76.0709999999999976
7607.923,76.0789999999999789
7610.941,76.1089999999999801
7615.013,76.1500000000000054
7622.765,76.22700000000000355
7625.087,76.25
7634.349,76.3429999999999891
7635.674,76.35599999999999415
7638.927,76.3889999999999813
7639.461,76.39400000000000515
7648.99,76.4890000000000039
7656.246,76.561999999999983
7656.385,76.56299999999998785
7656.499,76.56399999999999265
7661.834,76.61799999999999455
7669.54,76.6949999999999929
7672.586,76.7249999999999939
7674.055,76.7399999999999804
7682.884,76.82800000000000265
7683.679,76.83599999999998405
7686.185,76.86099999999998965
7687.081,76.87000000000000435
7693.855,76.93799999999998785
7700.575,77.0049999999999951
7708.679,77.08599999999998405
7711.133,77.11099999999998965
7715.454,77.15399999999999605
7719.659,77.1959999999999976
7727.18,77.2709999999999863
7732.754,77.326999999999998
7741.05,77.4099999999999963
7749.656,77.4959999999999805
7753.446,77.5339999999999914
7760.716,77.60699999999999905
7761.681,77.6159999999999853
7764.384,77.6430000000000004
7766.945,77.66899999999998235
7768.26,77.68199999999998765
7774.179,77.7409999999999853
7774.733,77.74699999999998535
7779.498,77.79399999999998235
7782.514,77.8249999999999883
7787.393,77.87299999999999015
7790.014,77.9000000000000054
7794.599,77.9449999999999929
7799.16,77.9909999999999853
7804.406,78.04399999999998235
7811.239,78.11199999999999455
7815.659,78.1560000000000056
7822.615,78.2259999999999988
7831.141,78.31100000000000675
7833.976,78.3389999999999985
7838.31,78.38299999999998105
7842.109,78.420999999999992
7850.378,78.5029999999999856
7852.19,78.5209999999999863
7857.283,78.57200000000000235
7865.168,78.65099999999998175
7866.032,78.6599999999999963
7866.6,78.66599999999999655
7873.2,78.73199999999999905
7880.17,78.8009999999999875
7882.236,78.82200000000000235
7890.023,78.9000000000000054
7898.496,78.9839999999999801
7906.27,79.061999999999983
7913.084,79.1299999999999951
7915.678,79.1560000000000056
7917.462,79.1740000000000063
7921.2,79.2119999999999889
7921.899,79.2179999999999891
7927.775,79.27699999999998655
7927.872,79.27799999999999135
7930.6,79.3059999999999829
7939.52,79.3949999999999816
7943.229,79.43199999999998765
7944.564,79.4449999999999929
7946.535,79.4650000000000031
7954.327,79.54300000000000605
7958.926,79.5889999999999985
7968.178,79.6809999999999829
7968.624,79.68600000000000675
7975.776,79.75700000000000465
7983.774,79.8369999999999889
7988.682,79.88599999999999535
7989.452,79.89400000000000515
7994.147,79.94100000000000225
7999.335,79.99299999999999455
8008.162,80.0809999999999885
8011.23,80.11199999999999455
8016.114,80.161000000000001
8021.889,80.2179999999999891
8026.035,80.2599999999999906
8035.629,80.35599999999999415
8037.37,80.37299999999999015
8043.826,80.43799999999998785
8048.579,80.484999999999985
8048.933,80.4890000000000039
8056.769,80.56699999999997855
8061.073,80.609999999999985
8066.637,80.66599999999999655
8071.737,80.71699999999998415
8073.336,80.73300000000000375
8078.698,80.786000000000001
8080.136,80.8009999999999875
8086.95,80.8689999999999994
8093.445,80.93399999999999725
8096.221,80.9619999999999889
8101.613,81.0159999999999909
8102.902,81.02899999999999605
8106.159,81.06100000000000675
8110.086,81.0999999999999939
8111.556,81.1149999999999804
8121.12,81.21099999999998405
8122.719,81.22700000000000355
8124.59,81.24500000000000435
8125.884,81.25799999999998105
8134.924,81.34899999999998925
8140.713,81.406999999999982
8146.151,81.46099999999998405
8147.074,81.46999999999999875
8151.643,81.5159999999999909
8160.748,81.60699999999999905
8169.568,81.6949999999999929
8170.398,81.70300000000000265
8174.984,81.74899999999999485
8182.988,81.8289999999999789
8190.23,81.90199999999998655
8199.001,81.9899999999999804
8202.991,82.02899999999999605
8203.926,82.038999999999987
8212.966,82.1289999999999903
8217.229,82.17199999999999675
8224.129,82.2409999999999853
8228.861,82.28799999999998205
8235.857,82.35800000000000375
8241.659,82.41599999999999655
8244.936,82.44899999999998355
8252.098,82.5199999999999816
8259.666,82.5960000000000034
8259.937,82.59899999999998925
8266.298,82.6620000000000058
8273.612,82.73599999999998965
8276.012,82.7599999999999906
8283.682,82.83599999999998405
8285.287,82.85200000000000355
8285.385,82.85299999999998
8293.349,82.9329999999999925
8296.432,82.9639999999999985
11220.354,112.2030000000000025
11226.165,112.2609999999999953
11229.989,112.2990000000000062
11232.405,112.3239999999999834
11233.371,112.3329999999999981
11235.061,112.3499999999999938
11244.91,112.4489999999999834
11253.506,112.5349999999999962
11262.472,112.6239999999999947
11263.057,112.629999999999995
11265.768,112.656999999999982
11270.474,112.7039999999999789
11275.206,112.7519999999999806
11276.364,112.7630000000000048
11281.162,112.8110000000000067
11285.733,112.8569999999999988
11290.817,112.9079999999999865
11300.617,113.006
11310.29,113.1020000000000035
11314.527,113.1449999999999813
11315.527,113.1550000000000007
11324.098,113.2399999999999801
11324.495,113.2439999999999992
11325.668,113.256
11330.505,113.3050000000000064
11333.218,113.3319999999999931
11337.801,113.3779999999999855
11341.839,113.4180000000000058
11344.192,113.441000000000002
11348.19,113.4809999999999941
11348.779,113.4869999999999942
11355.493,113.5540000000000015
11356.731,113.5669999999999782
11360.178,113.6009999999999985
11368.746,113.6869999999999829
11375.884,113.7579999999999809
11379.881,113.7980000000000013
11386.273,113.8619999999999942
11390.087,113.9000000000000053
11394.079,113.9399999999999975
11394.299,113.9419999999999782
11398.617,113.9859999999999895
11402.365,114.0229999999999957
11408.51,114.084999999999979
11415.126,114.1509999999999816
11415.826,114.1579999999999865
11422.08,114.2199999999999985
11430.304,114.302999999999997
11439.444,114.394000000000005
11445.978,114.4590000000000026
11452.696,114.5259999999999816
11459.959,114.5989999999999891
11463.2,114.6320000000000045
11468.569,114.6850000000000019
11471.731,114.716999999999984
11472.836,114.7279999999999797
11481.169,114.8110000000000067
11485.219,114.8520000000000035
11492.977,114.9290000000000015
11497.031,114.9699999999999985
11499.843,114.99799999999999
11503.053,115.0300000000000007
11510.192,115.1009999999999985
11510.492,115.1039999999999845
11516.108,115.161000000000001
11523.481,115.23399999999998
11527.478,115.2740000000000005
11528.576,115.2849999999999962
11533.885,115.3379999999999932
11539.948,115.3990000000000005
11540.8,115.4079999999999865
11547.832,115.4779999999999797
11554.489,115.5439999999999823
11560.837,115.6080000000000036
11561.133,115.6109999999999895
11570.724,115.7069999999999931
11579.617,115.7959999999999918
11580.65,115.8059999999999828
11587.471,115.8739999999999947
11596.143,115.9609999999999837
11605.056,116.0499999999999826
11605.348,116.052999999999997
11605.36,116.052999999999997
11610.709,116.1069999999999987
11620.081,116.1999999999999882
11624.123,116.240999999999985
11633.706,116.3369999999999887
11638.948,116.3889999999999812
11646.911,116.4689999999999935
11650.562,116.504999999999995
11660.483,116.6039999999999845
11662.389,116.62299999999999
11665.941,116.6589999999999913
11666.132,116.661000000000001
11674.615,116.7459999999999805
11679.796,116.7969999999999966
11687.503,116.875
11695.931,116.9590000000000026
11703.136,117.0310000000000055
11706.868,117.0679999999999831
11713.202,117.1320000000000045
11715.431,117.153999999999996
11718.505,117.1850000000000018
11719.31,117.1929999999999831
11724.683,117.2459999999999805
11725.536,117.254999999999995
11728.282,117.281999999999982
11730.496,117.3040000000000015
11730.583,117.3050000000000063
11731.583,117.3149999999999975
11731.832,117.3179999999999831
11734.482,117.3439999999999935
11735.925,117.35899999999998
11736.586,117.3649999999999801
11741.724,117.4170000000000012
11742.38,117.4230000000000013
11744.607,117.4459999999999976
11753.17,117.5310000000000055
11756.865,117.5679999999999831
11758.486,117.5840000000000026
11759.037,117.5900000000000028
11764.634,117.6459999999999862
11773.746,117.7369999999999942
11781.481,117.8139999999999922
11790.331,117.9029999999999907
11794.895,117.9479999999999786
11803.868,118.037999999999982
11805.402,118.0540000000000015
11808.724,118.0869999999999887
11810.72,118.1069999999999987
11817.849,118.177999999999997
11822.179,118.2210000000000032
11826.448,118.2639999999999812
11831.73,118.3169999999999782
11834.747,118.3469999999999796
11838.241,118.3820000000000045
11838.945,118.3889999999999812
11846.76,118.466999999999984
11850.978,118.5089999999999857
11858.488,118.5840000000000026
11862.371,118.62299999999999
11871.643,118.7159999999999792
11873.247,118.7319999999999987
11873.537,118.7349999999999847
11877.039,118.7699999999999813
11885.996,118.85899999999998
11886.952,118.8689999999999992
11890.878,118.9079999999999865
11899.589,118.9950000000000041
11908.373,119.0829999999999981
11915.049,119.1500000000000052
11921.957,119.2189999999999935
11923.884,119.237999999999999
11933.757,119.3369999999999887
11942.938,119.4290000000000015
11950.531,119.504999999999995
11956.328,119.5629999999999878
11959.973,119.5989999999999891
11964.532,119.6449999999999813
11969.543,119.6949999999999926
11975.967,119.7589999999999857
11979.731,119.7969999999999966
11982.271,119.8220000000000023
11985.92,119.85899999999998
11991.431,119.9139999999999867
11994.04,119.9399999999999975
11995.359,119.9530000000000025
12000.319,120.0029999999999855
12002.324,120.0229999999999957
12009.141,120.0909999999999792
12014.282,120.1419999999999955
12017.055,120.1699999999999868
12018.03,120.1800000000000063
12023.274,120.2319999999999987
12031.793,120.3169999999999782
12032.967,120.3289999999999788
12036.922,120.3689999999999992
12038.52,120.3849999999999903
12040.851,120.4079999999999865
12041.319,120.412999999999982
12047.173,120.4710000000000032
12056.88,120.5679999999999831
12064.348,120.6430000000000001
12064.387,120.6430000000000001
12070.477,120.7039999999999788
12072.263,120.7219999999999796
12078.053,120.7800000000000007
12084.182,120.8409999999999792
12085.883,120.8580000000000036
12086.697,120.865999999999985
12093.561,120.9350000000000018
12102.38,121.0229999999999957
12112.148,121.1209999999999805
12119.344,121.1929999999999831
12125.43,121.2539999999999902
12135.094,121.3499999999999937
12138.378,121.3829999999999808
12143.454,121.4339999999999972
12151.481,121.5139999999999812
12154.485,121.5439999999999823
12162.849,121.6279999999999855
12168.344,121.6829999999999922
12172.497,121.7239999999999891
12181.805,121.8179999999999831
12185.961,121.85899999999998
12191.169,121.911000000000001
12200.535,122.004999999999995
12203.207,122.031999999999982
12210.429,122.1039999999999845
12219.203,122.1919999999999782
12219.532,122.1949999999999926
12223.251,122.2319999999999987
12227.51,122.2750000000000052
12227.524,122.2750000000000052
12228.463,122.2839999999999913
12230.94,122.3089999999999972
12240.725,122.406999999999982
12243.907,122.4389999999999922
12249.659,122.4959999999999805
12258.247,122.5819999999999931
12264.684,122.6459999999999862
12269.269,122.6919999999999782
12272.914,122.7289999999999845
12277.36,122.7729999999999957
12284.037,122.8400000000000028
12287.398,122.87299999999999
12293.116,122.9309999999999828
12301.923,123.019000000000005
12309.67,123.0960000000000032
12319.12,123.191000000000002
12328.121,123.2810000000000055
12338.04,123.379999999999995
12342.083,123.4199999999999868
12345.85,123.4579999999999981
12354.803,123.5480000000000013
12364.464,123.644000000000005
12365.115,123.6509999999999816
12373.034,123.7299999999999892
12379.889,123.7980000000000013
12386.646,123.865999999999985
12388.957,123.8889999999999812
12391.406,123.9139999999999867
12396.795,123.966999999999984
12398.96,123.9890000000000038
12406.69,124.066000000000002
12408.35,124.0829999999999981
12415.816,124.1579999999999865
12425.044,124.25
12432.258,124.3220000000000023
12435.199,124.3509999999999985
12440.028,124.4000000000000052
12444.559,124.4449999999999926
12446.499,124.4639999999999985
12451.439,124.5139999999999812
12453.495,124.5339999999999913
12461.277,124.6119999999999942
12466.632,124.6659999999999965
12475.074,124.75
12479.452,124.7939999999999823
12480.843,124.8079999999999922
12490.593,124.9050000000000007
12494.862,124.9479999999999786
12497.87,124.9779999999999797
12506.299,125.0619999999999828
12507.089,125.0699999999999926
12515.269,125.1519999999999863
12522.538,125.2249999999999937
12523.562,125.2349999999999847
12533.316,125.3329999999999981
12534.88,125.3479999999999843
12542.701,125.4269999999999918
12545.743,125.4569999999999931
12548.213,125.4819999999999987
12548.967,125.4890000000000038
12549.333,125.4929999999999945
12553.58,125.5349999999999962
12557.649,125.5759999999999927
12558.725,125.5869999999999887
12567.503,125.6749999999999826
12573.185,125.7309999999999941
12577.505,125.7750000000000052
12579.971,125.799000000000006
12582.812,125.8280000000000025
12588.776,125.887
12598.129,125.9809999999999941
12599.304,125.9929999999999945
12607.027,126.0699999999999926
12616.786,126.1670000000000012
12622.896,126.2279999999999797
12632.222,126.3220000000000023
12632.249,126.3220000000000023
12636.167,126.3609999999999895
12645.482,126.4539999999999788
12647.904,126.4789999999999845
12654.642,126.5459999999999918
12657.146,126.5709999999999976
12659.391,126.5929999999999888
12664.225,126.6419999999999955
12664.473,126.644000000000005
12664.873,126.6479999999999957
12664.948,126.6490000000000005
12671.345,126.7129999999999932
12680.619,126.8059999999999828
12684.702,126.8469999999999796
12691.634,126.9159999999999965
12695.408,126.9539999999999788
12702.459,127.0240000000000005
12710.553,127.1049999999999892
12716.514,127.1649999999999913
12723.604,127.2359999999999895
12728.976,127.2889999999999867
12738.519,127.3849999999999903
12743.075,127.4300000000000063
12746.594,127.4650000000000028
12752.596,127.5250000000000052
12761.571,127.6149999999999801
12768.112,127.6809999999999828
12775.812,127.7579999999999808
12779.542,127.7949999999999868
12783.116,127.8309999999999883
12789.798,127.8969999999999907
12796.015,127.959999999999979
12800.584,128.004999999999995
12803.47,128.0339999999999913
12804.321,128.0430000000000057
12813.065,128.129999999999995
12815.397,128.1529999999999626
12816.521,128.1649999999999632
12817.335,128.1730000000000013
12819.459,128.1939999999999595
12822.679,128.2259999999999985
12824.509,128.2450000000000041
12830.622,128.3059999999999828
12834.652,128.3460000000000032
12838.328,128.3829999999999808
12845.78,128.4569999999999931
12853.042,128.5299999999999723
12858.311,128.5829999999999695
12865.092,128.649999999999977
12869.969,128.6990000000000118
12871.416,128.7139999999999985
12871.421,128.7139999999999985
12873.101,128.7309999999999941
12877.355,128.7729999999999673
12877.999,128.778999999999996
12878.635,128.786000000000001
12881.278,128.8120000000000113
12883.361,128.8329999999999695
12886.845,128.8679999999999945
12896.169,128.9610000000000125
12897.051,128.96999999999997
12899.205,128.9919999999999613
12905.227,129.0519999999999636
12913.81,129.1379999999999765
12920.954,129.2090000000000026
12928.983,129.2889999999999867
12930.555,129.3050000000000063
12932.146,129.3209999999999691
12935.567,129.3549999999999608
12941.624,129.4159999999999965
12948.896,129.487999999999999
12950.053,129.5
12956.686,129.5659999999999736
12963.965,129.6390000000000095
12972.51,129.7249999999999653
12978.885,129.7880000000000105
12984.431,129.8439999999999935
12992.55,129.925000000000011
12992.808,129.927999999999997
12997.602,129.9759999999999985
12998.175,129.9809999999999941
13007.324,130.0729999999999786
13008.125,130.08099999999996
13008.618,130.0860000000000125
13013.789,130.137
13016.718,130.1669999999999727
13024.269,130.2419999999999613
13031.42,130.3139999999999641
13031.743,130.317000000000007
13035.924,130.35899999999998
13040.491,130.403999999999996
13042.221,130.4219999999999681
13050.469,130.5039999999999618
13051.541,130.514999999999986
13058.227,130.5819999999999931
13066.4,130.6639999999999867
13071.859,130.7179999999999603
13076.59,130.764999999999986
13082.478,130.8240000000000118
13091.301,130.9130000000000105
13100.266,131.002000000000009
13107.599,131.0749999999999882
13113.35,131.1329999999999808
13117.447,131.1739999999999778
13121.665,131.2160000000000077
13125.4,131.2539999999999618
13132.43,131.3240000000000118
13137.586,131.375
13141.158,131.411000000000001
13150.049,131.5
13159.778,131.5969999999999796
13167.151,131.6709999999999918
13175.874,131.7579999999999808
13175.926,131.7589999999999572
13177.493,131.7740000000000005
13184.435,131.8439999999999935
13191.276,131.9119999999999775
13200.471,132.0039999999999618
13200.812,132.0079999999999808
13207.917,132.0790000000000072
13216.769,132.1669999999999727
13218.539,132.1850000000000018
13226.988,132.269000000000005
13231.823,132.3179999999999831
13236.924,132.3689999999999708
13238.327,132.3829999999999808
13239.604,132.3959999999999578
13243.194,132.4309999999999828
13249.409,132.4939999999999708
13258.78,132.5869999999999887
13261.173,132.6109999999999895
13270.406,132.7040000000000072
13276.715,132.7669999999999955
13279.543,132.7949999999999587
13286.48,132.8639999999999755
13289.876,132.8979999999999673
13290.939,132.9089999999999913
13296.941,132.9689999999999935
13301.71,133.0169999999999955
13311.342,133.112999999999999
13317.198,133.1709999999999918
13318.676,133.1859999999999782
13321.212,133.2119999999999887
13323.781,133.236999999999966
13325.791,133.2570000000000045
13334.527,133.34499999999997
13340.906,133.4089999999999913
13345.825,133.4579999999999695
13353.432,133.5339999999999913
13362.422,133.6239999999999663
13366.013,133.6599999999999676
13367.868,133.677999999999997
13374.957,133.7489999999999663
13380.284,133.8019999999999636
13386.158,133.8609999999999895
13389.421,133.894000000000005
13397.517,133.9749999999999653
13400.682,134.0059999999999712
13402.723,134.0269999999999863
13407.192,134.0709999999999691
13415.156,134.15100000000001
13419.487,134.1939999999999595
13422.151,134.2210000000000032
13425.724,134.2570000000000045
13428.707,134.286999999999977
13437.857,134.3779999999999855
13447.639,134.4759999999999985
13454.956,134.5489999999999778
13455.416,134.5539999999999731
13462.691,134.625999999999976
13464.589,134.6449999999999813
13467.488,134.6739999999999778
13472.697,134.7259999999999985
13478.474,134.7839999999999913
13482.234,134.8220000000000021
13490.026,134.8999999999999766
13492.447,134.9239999999999778
13500.403,135.0039999999999618
13507.249,135.0720000000000021
13510.694,135.1059999999999941
13517.386,135.1730000000000013
13525.095,135.25
13534.732,135.3469999999999795
13542.091,135.4199999999999585
13550.877,135.5079999999999808
13552.292,135.5219999999999907
13562.266,135.6220000000000137
13570.925,135.7090000000000026
13574.554,135.7450000000000041
13578.967,135.7889999999999867
13579.419,135.7939999999999823
13584.283,135.841999999999984
13587.536,135.875
13592.02,135.9199999999999585
13596.989,135.9689999999999935
13602.667,136.0260000000000098
13604.389,136.0430000000000057
13610.601,136.1059999999999941
13611.452,136.1139999999999755
13616.434,136.1639999999999867
13620.961,136.2090000000000026
13629.629,136.2959999999999918
13638.956,136.3890000000000095
13645.233,136.4519999999999976
13652.865,136.5279999999999626
13656.879,136.5679999999999831
13659.994,136.5989999999999891
13664.161,136.6409999999999621
13673.047,136.7299999999999608
13681.155,136.8109999999999782
13688.128,136.8809999999999712
13691.61,136.9159999999999965
13696.243,136.9619999999999887
13698.358,136.9830000000000036
13701.004,137.0099999999999903
13701.598,137.014999999999986
13707.353,137.0729999999999786
13716.113,137.161000000000001
13718.062,137.1800000000000063
13727.247,137.2719999999999907
13734.659,137.3460000000000032
13735.86,137.3580000000000036
13745.229,137.4519999999999976
13748.574,137.4850000000000132
13755.167,137.5509999999999872
13756.921,137.5689999999999595
13764.171,137.6409999999999621
13765.33,137.6529999999999626
13766.975,137.6689999999999823
13775.974,137.7589999999999571
13783.456,137.8340000000000026
13784.025,137.8399999999999745
13788.999,137.8890000000000095
13798.804,137.9879999999999988
13799.678,137.9959999999999803
13800.643,138.0059999999999712
13804.507,138.0449999999999583
13813.142,138.1309999999999712
13820.436,138.2040000000000072
13826.101,138.2609999999999667
13831.883,138.3179999999999831
13835.562,138.3549999999999608
13838.626,138.3859999999999667
13842.049,138.4199999999999583
13851.936,138.5190000000000048
13859.51,138.59499999999997
13865.25,138.6519999999999862
13868.396,138.6829999999999922
13877.845,138.7779999999999626
13884.418,138.8439999999999935
13890.016,138.8999999999999766
13895.189,138.9509999999999643
13900.836,139.0079999999999808
13905.686,139.0559999999999828
13906.198,139.0609999999999782
13915.21,139.1519999999999862
13916.251,139.161999999999977
13921.797,139.216999999999984
13927.941,139.278999999999996
13936.21,139.361999999999966
13943.526,139.4350000000000016
13950.782,139.5070000000000045
13953.222,139.531999999999982
13953.608,139.536000000000001
13963.248,139.6320000000000045
13970.979,139.7090000000000026
13978.391,139.782999999999958
13980.56,139.8050000000000063
13982.94,139.8290000000000072
13991.971,139.9189999999999823
13998.415,139.9839999999999798
13998.844,139.9879999999999988
14002.242,140.0219999999999907
14005.573,140.0550000000000063
14012.848,140.1279999999999855
14013.845,140.1379999999999762
14019.691,140.1959999999999688
14024.447,140.2439999999999707
14032.014,140.3199999999999926
14040.214,140.4019999999999862
14042.729,140.4269999999999636
14045.711,140.4569999999999931
14055.034,140.5500000000000108
14056.543,140.5649999999999975
14066.473,140.6639999999999867
14069.776,140.6970000000000021
14071.421,140.7139999999999981
14079.56,140.7949999999999583
14084.689,140.8460000000000031
14086.093,140.8600000000000131
14094.728,140.947000000000002
14097.002,140.96999999999997
14100.479,141.0039999999999616
14101.168,141.0109999999999667
14103.594,141.0349999999999676
14110.651,141.1059999999999941
14117.962,141.1789999999999731
14121.914,141.2189999999999935
14131.689,141.3159999999999736
14134.797,141.3469999999999793
14139.834,141.3979999999999672
14147.02,141.46999999999997
14150.944,141.5089999999999571
14154.304,141.5430000000000057
14158.223,141.5819999999999931
14165.501,141.6549999999999723
14173.446,141.7339999999999798
14181.598,141.8149999999999975
14188.659,141.8859999999999667
14190.836,141.907999999999958
14194.025,141.9399999999999975
14203.763,142.036999999999977
14213.509,142.1349999999999903
14215.133,142.1510000000000098
14224.049,142.2400000000000087
14226.957,142.2690000000000048
14233.966,142.3389999999999981
14235.764,142.3569999999999706
14240.172,142.4010000000000098
14243.627,142.4359999999999782
14245.7,142.4569999999999931
14250.501,142.504999999999995
14257.151,142.5709999999999688
14262.373,142.6229999999999898
14269.912,142.6990000000000117
14278.448,142.7839999999999911
14284.489,142.8439999999999935
14293.383,142.9329999999999922
14298.339,142.9830000000000036
14300.54,143.004999999999995
14301.72,143.0169999999999952
14307.949,143.0790000000000072
14315.796,143.1569999999999818
14316.911,143.1689999999999823
14321.827,143.2179999999999603
14326.417,143.2640000000000093
14334.958,143.3489999999999891
14338.181,143.3809999999999712
14339.529,143.3949999999999812
14342.694,143.4259999999999872
14352.345,143.5229999999999672
14357.171,143.5709999999999688
14362.083,143.6200000000000041
14369.381,143.692999999999983
14370.105,143.7009999999999642
14370.797,143.7069999999999931
14373.598,143.7350000000000131
14382.39,143.8229999999999786
14391.416,143.9139999999999867
14398.764,143.986999999999966
14402.104,144.0209999999999575
14403.869,144.0380000000000105
14413.57,144.1349999999999902
14422.962,144.2289999999999845
14427.403,144.2740000000000003
14432.466,144.3240000000000116
14436.136,144.3609999999999891
14446.134,144.4610000000000121
14454.032,144.5399999999999632
14456.005,144.5600000000000016
14460.676,144.605999999999994
14466.025,144.6599999999999676
14466.781,144.6669999999999726
14469.683,144.6959999999999688
14477.971,144.778999999999996
14481.013,144.8100000000000016
14488.918,144.8890000000000093
14494.829,144.9479999999999785
14499.979,144.998999999999966
14509.196,145.0910000000000075
14509.293,145.091999999999984
14517.346,145.1730000000000013
14518.71,145.1870000000000112
14525.949,145.2589999999999571
14533.069,145.3299999999999833
14538.661,145.3859999999999666
14544.57,145.4449999999999926
14553.793,145.536999999999977
14560.793,145.6069999999999706
14565.717,145.6569999999999818
14569.326,145.6929999999999828
14578.064,145.7799999999999722
14584.358,145.8429999999999602
14592.698,145.9259999999999871
14597.046,145.96999999999997
14599.184,145.990999999999985
14603.322,146.0329999999999578
14611.034,146.1100000000000131
14615.184,146.1510000000000097
14615.306,146.1529999999999626
14615.627,146.1560000000000053
14618.855,146.1879999999999876
14619.465,146.1939999999999595
14621.761,146.216999999999984
14630.254,146.3019999999999635
14635.323,146.3530000000000078
14642.278,146.4219999999999681
14649.647,146.4959999999999803
14651.951,146.5190000000000047
14652.928,146.528999999999996
14654.109,146.5409999999999965
14659.258,146.591999999999984
14659.665,146.5960000000000031
14669.049,146.6899999999999975
14673.846,146.7379999999999988
14676.132,146.7609999999999666
14682.012,146.8199999999999926
14688.783,146.887
