 topology_rogers_ca.sdnController (#0 - ScenarioSim3_single4-0-20180716-18:43:34-10585),
4502,45.01999999999999582
4507.488,45.07399999999999787
4513.416,45.13400000000000017
4520.568,45.20499999999999812
4529.011,45.28999999999999187
4535.039,45.34999999999999412
4543.618,45.43599999999999267
4549.067,45.48999999999999462
4557.54,45.5750000000000027
4561.777,45.61699999999999005
4568.013,45.6799999999999924
4574.472,45.74399999999999957
4578.316,45.783000000000001
4582.692,45.82599999999999327
4585.667,45.8559999999999944
4594.585,45.94499999999999305
4595.152,45.95099999999999327
4604.789,46.04699999999999677
4607.516,46.0750000000000027
4611.35,46.1129999999999994
4616.127,46.16100000000000115
4624.044,46.2399999999999946
4632.166,46.32099999999999775
4637.455,46.37399999999999505
4642.255,46.42199999999999675
4647.935,46.47899999999999905
4651.863,46.5180000000000005
4661.119,46.61099999999998985
4669.48,46.6940000000000024
4670.19,46.70099999999999325
4673.564,46.73499999999999925
4674.435,46.74399999999999955
4680.917,46.80899999999999725
4681.119,46.81099999999999265
4684.801,46.8479999999999988
4693.127,46.9309999999999971
4702.699,47.02599999999999605
4710.481,47.10399999999999905
4711.885,47.11799999999999475
4720.585,47.2049999999999981
4729.286,47.2920000000000014
4739.072,47.3900000000000004
4743.808,47.4380000000000022
4751.8,47.5180000000000005
4759.809,47.5979999999999988
4764.424,47.643999999999991
4769.629,47.69599999999999775
4777.434,47.77400000000000075
4784.223,47.8419999999999986
4785.406,47.85399999999999905
4792.612,47.92600000000000175
4799.011,47.9899999999999946
4804.831,48.04800000000000165
4806.265,48.06199999999999735
4811.639,48.1159999999999994
4821.086,48.2099999999999935
4828.672,48.28600000000000115
4833.89,48.33799999999999365
4834.949,48.34899999999998935
4839.096,48.3900000000000004
4843.832,48.4380000000000022
4846.478,48.4639999999999985
4848.341,48.48299999999998965
4856.083,48.5600000000000021
4863.452,48.63400000000000015
4868.014,48.6799999999999924
4870.18,48.70099999999999325
4875.864,48.75799999999999535
4877.216,48.77199999999999115
4877.404,48.77400000000000075
4880.645,48.8059999999999971
4886.821,48.86799999999999475
4888.318,48.88299999999999535
4894.439,48.9440000000000024
4896.662,48.96599999999999375
4902.831,49.0279999999999914
4906.696,49.0660000000000023
4916.133,49.16100000000000115
4925.159,49.2509999999999904
4931.977,49.3190000000000024
4936.476,49.3639999999999899
4940.071,49.3999999999999913
4946.202,49.4620000000000031
4950.572,49.5049999999999953
4959.595,49.59499999999999875
4966.571,49.66499999999999185
4967.564,49.6749999999999969
4968.166,49.6809999999999971
4977.864,49.7779999999999914
4984.532,49.84499999999999875
4991.063,49.9099999999999963
4997.769,49.97699999999998945
4999.478,49.99399999999999955
5001.582,50.0150000000000004
5005.164,50.05100000000000175
5006.453,50.0639999999999928
5013.96,50.1389999999999956
5017.114,50.17099999999999205
5023.192,50.2309999999999944
5026.829,50.2680000000000005
5030.079,50.2999999999999969
5035.781,50.35699999999999925
5036.165,50.36099999999998985
5040.551,50.40500000000000095
5046.894,50.46800000000000335
5056.778,50.56699999999999295
5066.367,50.66299999999999655
5067.387,50.67300000000000165
5073.915,50.7389999999999899
5076.004,50.7599999999999908
5082.355,50.82299999999999315
5083.968,50.8389999999999985
5093.921,50.9389999999999928
5100.452,51.00399999999999045
5106.271,51.06199999999999735
5108.804,51.08799999999999365
5112.948,51.12899999999999045
5117.611,51.17600000000000175
5122.358,51.2229999999999988
5124.802,51.24799999999999025
5131.037,51.3100000000000021
5132.627,51.32599999999999325
5136.007,51.35999999999999925
5137.111,51.3709999999999949
5143.859,51.4380000000000022
5150.422,51.50399999999999045
5153.594,51.5349999999999963
5154.976,51.5489999999999922
5162.759,51.62699999999999515
5164.725,51.64699999999999115
5174.221,51.74199999999999005
5177.908,51.77899999999999615
5184.533,51.84499999999999875
5192.743,51.92699999999999235
5192.879,51.92799999999999705
5193.85,51.9380000000000022
5200.078,52
5208.457,52.084000000000003
5215.194,52.15099999999999605
5216.155,52.16100000000000115
5225.874,52.25799999999999535
5235.639,52.3559999999999944
5244.421,52.4440000000000024
5249.108,52.4909999999999994
5254.204,52.5420000000000014
5263.972,52.6389999999999956
5264.529,52.6449999999999958
5270.577,52.7049999999999981
5275.089,52.75
5282.482,52.82399999999999785
5282.682,52.82599999999999325
5283.074,52.8299999999999981
5287.491,52.87399999999999505
5290.319,52.9029999999999914
5300.115,53.0009999999999904
5301.317,53.0129999999999908
5304.911,53.0489999999999922
5307.872,53.0780000000000028
5312.681,53.1259999999999904
5313.868,53.1379999999999908
5320.755,53.20699999999999345
5323.935,53.2389999999999899
5332.74,53.326999999999998
5336.883,53.36799999999999475
5346.065,53.4599999999999935
5346.706,53.4669999999999986
5348.874,53.4879999999999994
5355.799,53.55700000000000195
5361.451,53.6139999999999899
5367.117,53.67099999999999205
5375.768,53.75699999999999065
5378.422,53.7839999999999916
5383.512,53.83499999999999345
5388.744,53.88700000000000025
5397.911,53.97899999999999905
5398.85,53.9879999999999994
5408.062,54.0799999999999981
5413.821,54.1379999999999908
5414.652,54.1460000000000006
5423.945,54.2389999999999899
5426.722,54.2669999999999957
5429.908,54.2989999999999922
5430.002,54.2999999999999969
5436.676,54.3659999999999994
5445.099,54.4500000000000027
5446.417,54.4639999999999985
5452.889,54.5279999999999914
5460.052,54.5999999999999941
5468.466,54.68399999999999725
5471.36,54.71299999999999365
5474.007,54.7399999999999946
5475.839,54.75799999999999535
5479.817,54.79800000000000165
5485.682,54.8559999999999944
5491.21,54.9119999999999917
5491.411,54.9140000000000013
5493.06,54.9299999999999924
5501.349,55.0129999999999908
5505.047,55.0499999999999969
5505.094,55.0499999999999969
5506.558,55.0649999999999975
5513.336,55.1329999999999953
5519.032,55.1899999999999975
5521.732,55.2169999999999986
5528.769,55.2869999999999917
5536.121,55.3609999999999898
5539.006,55.3900000000000004
5548.628,55.4859999999999898
5552.961,55.52899999999999615
5555.449,55.55400000000000185
5563.01,55.6299999999999952
5568.772,55.68699999999999735
5572.733,55.72699999999998945
5578.653,55.78600000000000115
5587.613,55.8759999999999904
5593.336,55.93299999999999255
5599.725,55.99699999999999965
5601.956,56.018999999999991
5610.872,56.10799999999998965
5620.399,56.2030000000000028
5627.2,56.27199999999999115
5631.671,56.31600000000000225
5636.163,56.3609999999999898
5644.627,56.44599999999999775
5654.413,56.54399999999999665
5661.408,56.61399999999998985
5662.57,56.625
5665.544,56.65500000000000095
5673.214,56.73199999999999925
5681.352,56.81300000000000215
5685.47,56.85399999999999905
5689.435,56.893999999999991
5696.189,56.9609999999999983
5705,57.0499999999999969
5707.498,57.07399999999999785
5713.311,57.1329999999999952
5716.443,57.16400000000000125
5725.26,57.25199999999999515
5734.914,57.3489999999999893
5741.839,57.4179999999999919
5747.724,57.47699999999998945
5754.977,57.54899999999999215
5761.574,57.6149999999999946
5766.587,57.6649999999999918
5771.919,57.7189999999999939
5781.48,57.81399999999999275
5783.785,57.837000000000003
5790.225,57.90200000000000075
5794.174,57.94100000000000225
5798.413,57.9839999999999944
5804.601,58.045999999999992
5810.665,58.10599999999999435
5815.414,58.1539999999999961
5815.606,58.1559999999999914
5820.307,58.20300000000000275
5823.323,58.2329999999999896
5830.484,58.3040000000000018
5837.086,58.36999999999999005
5839.966,58.39900000000000065
5842.867,58.42799999999999705
5846.702,58.4669999999999986
5852.882,58.5279999999999914
5860.374,58.60299999999999415
5864.662,58.6460000000000006
5873.447,58.7339999999999944
5874.802,58.74799999999999025
5875.831,58.75799999999999515
5878.814,58.78799999999999635
5879.738,58.79699999999999675
5885.438,58.85399999999999905
5888.978,58.88899999999999535
5894.887,58.9479999999999931
5900.405,59.0039999999999904
5906.148,59.0609999999999926
5906.484,59.06399999999999275
5913.016,59.12999999999999515
5922.706,59.2269999999999894
5929.227,59.2920000000000013
5932.437,59.32399999999999785
5936.751,59.36699999999999
5938.964,59.38899999999999535
5947.929,59.47899999999999905
5949.342,59.49299999999999475
5953.018,59.5300000000000009
5953.991,59.53900000000000125
5958.35,59.58299999999999825
5968.19,59.6809999999999971
5977.109,59.7710000000000006
5979.712,59.79699999999999675
5987.774,59.8769999999999951
5993.144,59.9309999999999971
6000.183,60.0009999999999903
6004.662,60.045999999999992
6005.664,60.0559999999999971
6006.66,60.06600000000000225
6015.855,60.158000000000001
6019.378,60.1929999999999976
6026.52,60.26500000000000035
6031.212,60.31199999999999735
6041.2,60.41199999999999165
6049.611,60.49599999999999485
6051.105,60.51099999999999535
6060.151,60.600999999999999
6068.832,60.68800000000000215
6069.208,60.69199999999999285
6070.833,60.70799999999999825
6075.916,60.75900000000000005
6082.072,60.819999999999993
6083.74,60.837000000000003
6084.978,60.8489999999999893
6092.769,60.92699999999999225
6101.249,61.01200000000000025
6109.898,61.0979999999999988
6117.971,61.1790000000000018
6122.085,61.21999999999999875
6127.776,61.27700000000000075
6129.176,61.29099999999999655
6133.248,61.33199999999999335
6133.58,61.3349999999999934
6134.272,61.3419999999999986
6144.098,61.4399999999999975
6151.072,61.50999999999999065
6154.805,61.5480000000000016
6159.34,61.59300000000000335
6163.541,61.63499999999999065
6170.762,61.70699999999999335
6171.268,61.712000000000003
6179.932,61.79899999999999215
6183.587,61.8349999999999934
6193.342,61.9329999999999925
6193.508,61.93500000000000205
6202.066,62.01999999999999565
6204.373,62.04299999999999185
6204.49,62.0439999999999966
6212.139,62.12099999999999485
6215.739,62.1569999999999961
6225.18,62.2509999999999903
6232.48,62.32399999999999785
6239.98,62.39900000000000065
6241.696,62.41599999999999655
6245.09,62.4500000000000026
6250.3,62.503
6255.195,62.55100000000000175
6255.738,62.5570000000000019
6259.128,62.59099999999999375
6261.128,62.6109999999999898
6262.923,62.6289999999999904
6263.108,62.631
6264.818,62.6479999999999959
6272.755,62.7269999999999894
6277.39,62.7729999999999959
6279.629,62.795999999999992
6288.375,62.88299999999999515
6291.829,62.91799999999999185
6301.27,63.01200000000000025
6310.551,63.1049999999999895
6316.634,63.16599999999999655
6323.678,63.2359999999999898
6329.645,63.295999999999992
6329.963,63.29899999999999215
6337.799,63.3769999999999951
6339.446,63.393999999999991
6344.446,63.44400000000000235
6350.661,63.506
6351.165,63.51099999999999535
6356.937,63.56900000000000235
6363.928,63.63899999999999535
6366.307,63.66299999999999635
6376.231,63.76200000000000025
6385.573,63.8549999999999895
6388.246,63.8819999999999906
6394.386,63.9429999999999976
6401.177,64.01099999999999535
6406.533,64.0649999999999975
6415.176,64.1509999999999818
6421.075,64.20999999999997935
6428.583,64.2849999999999963
6435.884,64.35800000000000385
6445.529,64.4549999999999838
6448.648,64.4859999999999898
6454.19,64.54099999999999655
6458.172,64.58099999999998875
6460.296,64.6020000000000036
6462.394,64.62299999999999025
6464.618,64.64599999999998635
6466.48,64.66399999999998705
6468.667,64.68600000000000685
6478.111,64.78100000000000565
6483.807,64.8379999999999936
6491.203,64.9120000000000059
6495.724,64.95699999999999335
6500.629,65.006
6510.331,65.10299999999998
6512.605,65.1260000000000045
6519.41,65.19399999999998825
6521.954,65.2189999999999939
6522.807,65.22799999999998
6523.387,65.23300000000000385
6523.951,65.239000000000004
6528.295,65.28199999999998205
6533.173,65.33099999999998875
6536.291,65.36199999999999455
6545.101,65.45099999999999315
6552.064,65.5199999999999816
6561.828,65.61799999999999475
6565.606,65.65600000000000565
6571.783,65.71699999999998435
6573.579,65.734999999999985
6579.004,65.7899999999999918
6579.251,65.7920000000000013
6587.797,65.8769999999999809
6588.469,65.8839999999999859
6595.907,65.95900000000000285
6602.701,66.0269999999999866
6607.487,66.07399999999998365
6612.024,66.12000000000000435
6618.795,66.18699999999998315
6624.161,66.2409999999999853
6630.231,66.30199999999999225
6639.198,66.390999999999991
6646.345,66.4629999999999936
6656.248,66.56199999999998315
6660.943,66.60899999999998015
6663.112,66.631
6667.672,66.6759999999999875
6674.303,66.74299999999999475
6683.367,66.83299999999999825
6686,66.859999999999985
6687.372,66.87299999999999025
6687.579,66.875
6689.871,66.8979999999999959
6697.455,66.9739999999999893
6706.271,67.06199999999998315
6709.471,67.0939999999999939
6718.515,67.18500000000000205
6722.35,67.2229999999999844
6728.808,67.28799999999998225
6734.691,67.3460000000000035
6737.938,67.3789999999999904
6746.248,67.4619999999999889
6751.445,67.5139999999999813
6757.735,67.576999999999998
6757.736,67.576999999999998
6766.463,67.66399999999998705
6769.582,67.694999999999993
6772.317,67.7229999999999844
6776.572,67.76499999999998615
6784.552,67.84499999999999875
6793.405,67.93399999999999725
6795.261,67.951999999999998
6802.06,68.0199999999999816
6811.588,68.1149999999999804
6816.149,68.16100000000000105
6823.024,68.2299999999999895
6827.858,68.2779999999999914
6830.013,68.29999999999998265
6837.9,68.3789999999999904
6847.374,68.4729999999999844
6849.668,68.49599999999998065
6856.977,68.56899999999998825
6865.78,68.65699999999998205
6868.319,68.6829999999999925
6871.456,68.7139999999999985
6873.589,68.734999999999985
6883.164,68.8309999999999885
6888.346,68.88299999999998105
6893.064,68.9300000000000066
6893.321,68.9329999999999925
6900.437,69.0039999999999904
6902.512,69.0250000000000054
6904.049,69.03999999999999165
6908.296,69.08199999999999335
6915.6,69.15600000000000565
6919.342,69.19299999999998335
6925.805,69.25799999999998105
6930.441,69.3040000000000018
6932.59,69.3249999999999883
6935.366,69.35299999999998
6937.231,69.37199999999998535
6943.099,69.4300000000000066
6951.175,69.51099999999999535
6959.814,69.5979999999999844
6967.285,69.67199999999999675
6968.46,69.68399999999999725
6975.208,69.7519999999999809
6980.382,69.80299999999999705
6983.151,69.8309999999999885
6984.472,69.8439999999999938
6986.221,69.86199999999999455
6993.39,69.9329999999999925
7000.435,70.0039999999999904
7004.396,70.0430000000000061
7009.028,70.09000000000000315
7014.682,70.1459999999999863
7023.086,70.2299999999999895
7024.919,70.248999999999995
7026.968,70.26900000000000525
7028.416,70.28399999999999155
7030.066,70.29999999999998265
7034.947,70.3489999999999893
7036.195,70.36099999999998975
7039.751,70.39699999999999115
7046.972,70.4689999999999938
7056.376,70.56299999999998785
7056.681,70.56600000000000225
7064.334,70.6430000000000004
7071.804,70.7179999999999891
7079.291,70.7920000000000013
7080.217,70.80199999999999225
7089.254,70.89199999999999555
7091.429,70.913999999999987
7092.263,70.92199999999999675
10392.664,103.9259999999999873
10393.429,103.9339999999999972
10397.042,103.9699999999999985
10404.007,104.0399999999999916
10413.117,104.131
10415.591,104.1550000000000008
10424.376,104.2429999999999945
10424.772,104.2469999999999853
10429.114,104.2909999999999965
10429.713,104.2969999999999966
10434.889,104.3479999999999844
10435.5,104.3549999999999892
10440.247,104.4019999999999865
10449.324,104.4929999999999945
10451.168,104.5109999999999953
10458.567,104.5849999999999791
10462.915,104.6289999999999903
10471.896,104.717999999999989
10473.772,104.7369999999999942
10480.498,104.8040000000000016
10487.65,104.8760000000000044
10492.939,104.9290000000000016
10498.169,104.9809999999999941
10501.213,105.012
10504.419,105.0439999999999823
10514.399,105.1430000000000003
10514.43,105.1440000000000051
10518.052,105.1800000000000064
10524.025,105.2399999999999801
10528.731,105.2870000000000058
10535.222,105.3520000000000035
10539.004,105.3899999999999861
10539.056,105.3899999999999861
10548.851,105.4879999999999991
10558.553,105.5849999999999791
10560.3,105.6029999999999798
10566.939,105.6689999999999823
10570.219,105.701999999999998
10573.15,105.7309999999999941
10579.953,105.7990000000000062
10581.957,105.818999999999988
10582.589,105.8249999999999882
10591.846,105.918000000000006
10597.918,105.9789999999999847
10601.011,106.0099999999999906
10605.787,106.0569999999999875
10609.819,106.0979999999999844
10612.659,106.1260000000000044
10618.99,106.1889999999999923
10621.374,106.2129999999999935
10630.281,106.3019999999999921
10635.426,106.3539999999999847
10639.752,106.396999999999991
10643.431,106.4339999999999972
10652.713,106.5269999999999865
10657.278,106.5720000000000023
10663.199,106.631
10666.574,106.6649999999999916
10670.892,106.7079999999999981
10680.597,106.8050000000000064
10686.525,106.8649999999999801
10687.859,106.8779999999999856
10691.404,106.9139999999999869
10692.372,106.9230000000000015
10698.942,106.9890000000000039
10702.376,107.0229999999999957
10708.899,107.0879999999999935
10714.809,107.1479999999999957
10723.026,107.2299999999999892
10729.618,107.2959999999999919
10733.646,107.3359999999999839
10737.619,107.3760000000000044
10737.995,107.3789999999999903
10747.988,107.4789999999999845
10757.834,107.5780000000000026
10761.353,107.612999999999999
10765.834,107.6579999999999867
10773.048,107.7299999999999892
10782.424,107.8239999999999834
10788.8,107.8880000000000048
10795.52,107.9549999999999837
10803.651,108.036000000000001
10806.318,108.0629999999999878
10816.08,108.1599999999999962
10821.721,108.2169999999999841
10830.619,108.3059999999999828
10840.188,108.4009999999999816
10847.834,108.4779999999999798
10848.969,108.4890000000000039
10855.951,108.5589999999999972
10858.673,108.5859999999999839
10862.028,108.6200000000000041
10862.849,108.6279999999999856
10864.326,108.6430000000000003
10871.979,108.7189999999999935
10872.605,108.7259999999999988
10872.822,108.7279999999999798
10875.241,108.7519999999999808
10876.614,108.7659999999999907
10880.937,108.8089999999999972
10883.543,108.834999999999979
10888.763,108.887
10897.474,108.9739999999999891
10905.205,109.0519999999999921
10906.999,109.068999999999988
10916.586,109.1649999999999916
10920.919,109.2090000000000028
10922.092,109.2199999999999985
10925.343,109.2529999999999856
10926.413,109.2639999999999813
10932.247,109.3220000000000023
10938.144,109.381
10947.509,109.4749999999999938
10954.963,109.5490000000000062
10964.371,109.6430000000000003
10972.853,109.7279999999999798
10973.378,109.7330000000000037
10982.736,109.826999999999998
10988.698,109.8859999999999953
10998.532,109.9849999999999848
11007.45,110.0739999999999834
11011.448,110.1140000000000039
11019.257,110.1919999999999783
11023.06,110.2299999999999892
11025.175,110.2510000000000043
11026.653,110.2659999999999906
11034.303,110.3429999999999888
11041.152,110.411000000000001
11043.043,110.4300000000000064
11049.611,110.4959999999999805
11058.599,110.584999999999979
11067.22,110.6719999999999966
11067.309,110.6730000000000013
11068.282,110.6819999999999875
11069.184,110.691000000000002
11074.162,110.7409999999999851
11080.354,110.802999999999997
11086.165,110.8609999999999895
11089.989,110.8990000000000005
11092.405,110.9240000000000062
11093.371,110.9329999999999923
11095.061,110.9499999999999882
11104.91,111.0490000000000062
11113.506,111.1349999999999904
11122.472,111.2239999999999891
11123.057,111.2299999999999892
11125.768,111.2570000000000046
11130.474,111.3040000000000015
11135.206,111.3520000000000035
11136.364,111.362999999999999
11141.162,111.411000000000001
11145.733,111.4569999999999931
11150.817,111.5079999999999809
11160.617,111.6059999999999941
11170.29,111.701999999999998
11174.527,111.7450000000000041
11175.527,111.754999999999995
11184.098,111.8400000000000029
11184.495,111.8439999999999935
11185.668,111.8559999999999941
11190.505,111.9050000000000008
11193.218,111.9319999999999875
11197.801,111.9779999999999798
11201.839,112.0180000000000003
11204.192,112.0409999999999965
11208.19,112.0809999999999884
11208.779,112.0869999999999887
11215.493,112.153999999999996
11216.731,112.1670000000000012
11220.178,112.2009999999999929
11228.746,112.2870000000000056
11235.884,112.3580000000000037
11239.881,112.3979999999999957
11246.273,112.4619999999999887
11250.087,112.5
11254.079,112.5399999999999915
11254.299,112.5420000000000012
11258.617,112.5859999999999838
11262.365,112.62299999999999
11268.51,112.6850000000000019
11275.126,112.7510000000000043
11275.826,112.7579999999999809
11282.08,112.8199999999999926
11290.304,112.9029999999999908
11299.444,112.9939999999999992
11305.978,113.0589999999999972
11312.696,113.1260000000000043
11319.959,113.1989999999999834
11323.2,113.2319999999999988
11328.569,113.2849999999999962
11331.731,113.3169999999999782
11332.836,113.3280000000000025
11341.169,113.411000000000001
11345.219,113.451999999999998
11352.977,113.528999999999996
11357.031,113.5699999999999926
11359.843,113.5979999999999843
11363.053,113.629999999999995
11370.192,113.7009999999999928
11370.492,113.7039999999999789
11376.108,113.7609999999999953
11383.481,113.8340000000000026
11387.478,113.8739999999999947
11388.576,113.8849999999999904
11393.885,113.9379999999999878
11399.948,113.9989999999999947
11400.8,114.0079999999999809
11407.832,114.0780000000000025
11414.489,114.144000000000005
11420.837,114.2079999999999981
11421.133,114.2109999999999838
11430.724,114.3069999999999875
11439.617,114.3959999999999863
11440.65,114.4060000000000055
11447.471,114.4739999999999891
11456.143,114.5610000000000067
11465.056,114.6500000000000053
11465.348,114.6529999999999908
11465.36,114.6529999999999908
11470.709,114.7069999999999931
11480.081,114.7999999999999826
11484.123,114.8409999999999792
11493.706,114.9369999999999829
11498.948,114.9890000000000039
11506.911,115.068999999999988
11510.562,115.1049999999999892
11520.483,115.2039999999999789
11522.389,115.2229999999999843
11525.941,115.2589999999999857
11526.132,115.2609999999999953
11534.615,115.3460000000000032
11539.796,115.3969999999999907
11547.503,115.4749999999999937
11555.931,115.5589999999999972
11563.136,115.631
11566.868,115.6680000000000057
11573.202,115.7319999999999987
11575.431,115.7539999999999902
11578.505,115.7849999999999962
11579.31,115.7930000000000057
11584.683,115.8460000000000032
11585.536,115.8549999999999892
11588.282,115.8820000000000045
11590.496,115.903999999999996
11590.583,115.9050000000000007
11591.583,115.9149999999999913
11591.832,115.9180000000000057
11594.482,115.943999999999988
11595.925,115.9590000000000026
11596.586,115.9650000000000028
11601.724,116.0169999999999955
11602.38,116.0229999999999957
11604.607,116.0459999999999918
11613.17,116.131
11616.865,116.1680000000000057
11618.486,116.1839999999999972
11619.037,116.1899999999999975
11624.634,116.2459999999999805
11633.746,116.3369999999999887
11641.481,116.4139999999999867
11650.331,116.5029999999999855
11654.895,116.5480000000000013
11663.868,116.6380000000000047
11665.402,116.653999999999996
11668.724,116.6869999999999828
11670.72,116.7069999999999931
11677.849,116.7779999999999907
11682.179,116.8209999999999976
11686.448,116.8640000000000038
11691.73,116.9170000000000012
11694.747,116.9470000000000023
11698.241,116.9819999999999987
11698.945,116.9890000000000038
11706.76,117.0669999999999782
11710.978,117.10899999999998
11718.488,117.1839999999999972
11722.371,117.2229999999999843
11731.643,117.316000000000002
11733.247,117.3319999999999931
11733.537,117.334999999999979
11737.039,117.3700000000000041
11745.996,117.4590000000000026
11746.952,117.4689999999999935
11750.878,117.5079999999999808
11759.589,117.5949999999999985
11768.373,117.6829999999999922
11775.049,117.75
11781.957,117.818999999999988
11783.884,117.8379999999999932
11793.757,117.9369999999999828
11802.938,118.028999999999996
11810.531,118.1049999999999892
11816.328,118.162999999999982
11819.973,118.1989999999999833
11824.532,118.2450000000000041
11829.543,118.2949999999999868
11835.967,118.35899999999998
11839.731,118.3969999999999907
11842.271,118.4219999999999966
11845.92,118.4590000000000026
11851.431,118.5139999999999812
11854.04,118.5399999999999913
11855.359,118.552999999999997
11860.319,118.6029999999999797
11862.324,118.62299999999999
11869.141,118.691000000000002
11874.282,118.7419999999999897
11877.055,118.7699999999999813
11878.03,118.7800000000000007
11883.274,118.8319999999999931
11891.793,118.9170000000000012
11892.967,118.9290000000000015
11896.922,118.9689999999999935
11898.52,118.9849999999999847
11900.851,119.0079999999999808
11901.319,119.0130000000000047
11907.173,119.0709999999999976
11916.88,119.1680000000000057
11924.348,119.2429999999999945
11924.387,119.2429999999999945
11930.477,119.3040000000000015
11932.263,119.3220000000000023
11938.053,119.379999999999995
11944.182,119.441000000000002
11945.883,119.4579999999999981
11946.697,119.4659999999999792
11953.561,119.5349999999999962
11962.38,119.62299999999999
11972.148,119.7210000000000032
11979.344,119.7930000000000057
11985.43,119.8539999999999845
11995.094,119.9499999999999882
11998.378,119.9830000000000036
12003.454,120.0339999999999913
12011.481,120.1140000000000038
12014.485,120.144000000000005
12022.849,120.2279999999999797
12028.344,120.2829999999999865
12032.497,120.3239999999999833
12041.805,120.4180000000000057
12045.961,120.4590000000000026
12051.169,120.5109999999999952
12060.535,120.6049999999999892
12063.207,120.6320000000000045
12070.429,120.7039999999999788
12079.203,120.7920000000000012
12079.532,120.7949999999999868
12083.251,120.8319999999999931
12087.51,120.875
12087.524,120.875
12088.463,120.8839999999999857
12090.94,120.9089999999999913
12100.725,121.0070000000000045
12103.907,121.0389999999999867
12109.659,121.0960000000000032
12118.247,121.1819999999999875
12124.684,121.2459999999999805
12129.269,121.2920000000000012
12132.914,121.3289999999999788
12137.36,121.37299999999999
12144.037,121.4399999999999975
12147.398,121.4729999999999843
12153.116,121.5310000000000055
12161.923,121.6189999999999992
12169.67,121.6959999999999976
12179.12,121.7909999999999965
12188.121,121.881
12198.04,121.9799999999999892
12202.083,122.0199999999999813
12205.85,122.0579999999999922
12214.803,122.1479999999999957
12224.464,122.2439999999999992
12225.115,122.2510000000000043
12233.034,122.3299999999999836
12239.889,122.3979999999999957
12246.646,122.4659999999999792
12248.957,122.4890000000000038
12251.406,122.5139999999999812
12256.795,122.5669999999999782
12258.96,122.5889999999999985
12266.69,122.6659999999999965
12268.35,122.6829999999999922
12275.816,122.7579999999999808
12285.044,122.8499999999999937
12292.258,122.9219999999999966
12295.199,122.9509999999999927
12300.028,123
12304.559,123.0449999999999868
12306.499,123.0639999999999922
12311.439,123.1140000000000038
12313.495,123.1339999999999857
12321.277,123.2119999999999887
12326.632,123.2659999999999903
12335.074,123.3499999999999937
12339.452,123.394000000000005
12340.843,123.4079999999999865
12350.593,123.504999999999995
12354.862,123.5480000000000013
12357.87,123.5780000000000025
12366.299,123.6620000000000055
12367.089,123.6699999999999868
12375.269,123.7519999999999806
12382.538,123.8249999999999882
12383.562,123.834999999999979
12393.316,123.9329999999999922
12394.88,123.9479999999999786
12402.701,124.0269999999999863
12405.743,124.0569999999999875
12408.213,124.0819999999999931
12408.967,124.0889999999999985
12409.333,124.0929999999999888
12413.58,124.1349999999999903
12417.649,124.1759999999999872
12418.725,124.1869999999999828
12427.503,124.2750000000000052
12433.185,124.3309999999999883
12437.505,124.375
12439.971,124.3990000000000005
12442.812,124.427999999999997
12448.776,124.4869999999999942
12458.129,124.5809999999999883
12459.304,124.5929999999999888
12467.027,124.6699999999999868
12476.786,124.7669999999999955
12482.896,124.8280000000000025
12492.222,124.9219999999999966
12492.249,124.9219999999999966
12496.167,124.9609999999999837
12505.482,125.0540000000000015
12507.904,125.0789999999999788
12514.642,125.1459999999999862
12517.146,125.1709999999999918
12519.391,125.1929999999999831
12524.225,125.2419999999999897
12524.473,125.2439999999999992
12524.873,125.24799999999999
12524.948,125.2489999999999947
12531.345,125.3129999999999878
12540.619,125.4060000000000055
12544.702,125.4470000000000023
12551.634,125.5159999999999903
12555.408,125.5540000000000015
12562.459,125.6239999999999947
12570.553,125.7049999999999836
12576.514,125.764999999999986
12583.604,125.8359999999999837
12588.976,125.8889999999999812
12598.519,125.9849999999999847
12603.075,126.0300000000000007
12606.594,126.0649999999999975
12612.596,126.125
12621.571,126.2150000000000028
12628.112,126.2810000000000055
12635.812,126.3580000000000036
12639.542,126.3949999999999813
12643.116,126.4309999999999828
12649.798,126.4969999999999852
12656.015,126.5600000000000018
12660.584,126.6049999999999892
12663.47,126.6339999999999857
12664.321,126.6430000000000001
12673.065,126.7299999999999892
12675.397,126.7529999999999855
12676.521,126.764999999999986
12677.335,126.7729999999999957
12679.459,126.7939999999999823
12682.679,126.8259999999999927
12684.509,126.8449999999999985
12690.622,126.9060000000000055
12694.652,126.9459999999999976
12698.328,126.9830000000000036
12705.78,127.0569999999999875
12713.042,127.129999999999995
12718.311,127.1829999999999922
12725.092,127.25
12729.969,127.299000000000006
12731.416,127.3139999999999922
12731.421,127.3139999999999922
12733.101,127.3309999999999883
12737.355,127.37299999999999
12737.999,127.3789999999999902
12738.635,127.3859999999999952
12741.278,127.4120000000000055
12743.361,127.4329999999999922
12746.845,127.4679999999999888
12756.169,127.5610000000000067
12757.051,127.5699999999999926
12759.205,127.591999999999984
12765.227,127.6519999999999863
12773.81,127.737999999999999
12780.954,127.8089999999999972
12788.983,127.8889999999999812
12790.555,127.9050000000000007
12792.146,127.9209999999999918
12795.567,127.9549999999999836
12801.624,128.0159999999999621
12808.896,128.087999999999965
12810.053,128.0999999999999653
12816.686,128.1659999999999965
12823.965,128.2389999999999755
12832.51,128.3249999999999882
12838.885,128.3879999999999765
12844.431,128.4439999999999595
12852.55,128.524999999999977
12852.808,128.5279999999999626
12857.602,128.5759999999999645
12858.175,128.58099999999996
12867.324,128.6730000000000013
12868.125,128.6809999999999828
12868.618,128.6859999999999782
12873.789,128.736999999999966
12876.718,128.7669999999999955
12884.269,128.841999999999984
12891.42,128.9139999999999867
12891.743,128.9169999999999727
12895.924,128.9590000000000026
12900.491,129.0039999999999618
12902.221,129.0219999999999907
12910.469,129.1039999999999845
12911.541,129.1150000000000087
12918.227,129.181999999999959
12926.4,129.2640000000000095
12931.859,129.3179999999999831
12936.59,129.3650000000000087
12942.478,129.4239999999999778
12951.301,129.5129999999999765
12960.266,129.601999999999975
12967.599,129.675000000000011
12973.35,129.7330000000000036
12977.447,129.7740000000000005
12981.665,129.8159999999999736
12985.4,129.8539999999999845
12992.43,129.9239999999999778
12997.586,129.9749999999999653
13001.158,130.0109999999999667
13010.049,130.0999999999999653
13019.778,130.1970000000000023
13027.151,130.2709999999999578
13035.874,130.3580000000000036
13035.926,130.35899999999998
13037.493,130.3739999999999663
13044.435,130.4439999999999595
13051.276,130.512
13060.471,130.6039999999999845
13060.812,130.6080000000000036
13067.917,130.6789999999999732
13076.769,130.7669999999999955
13078.539,130.7849999999999676
13086.988,130.8689999999999708
13091.823,130.9180000000000057
13096.924,130.9689999999999935
13098.327,130.9830000000000036
13099.604,130.9959999999999805
13103.194,131.0310000000000055
13109.409,131.0939999999999935
13118.78,131.1870000000000113
13121.173,131.2110000000000125
13130.406,131.3039999999999732
13136.715,131.3669999999999613
13139.543,131.3949999999999813
13146.48,131.4639999999999985
13149.876,131.49799999999999
13150.939,131.5089999999999572
13156.941,131.5689999999999595
13161.71,131.6169999999999613
13171.342,131.712999999999965
13177.198,131.7709999999999578
13178.676,131.786000000000001
13181.212,131.8120000000000113
13183.781,131.8369999999999887
13185.791,131.8569999999999706
13194.527,131.9449999999999926
13200.906,132.0089999999999572
13205.825,132.0579999999999922
13213.432,132.1339999999999572
13222.422,132.2239999999999891
13226.013,132.2599999999999903
13227.868,132.2779999999999626
13234.957,132.3489999999999891
13240.284,132.4019999999999863
13246.158,132.4610000000000125
13249.421,132.4939999999999708
13257.517,132.5749999999999882
13260.682,132.6059999999999941
13262.723,132.627000000000009
13267.192,132.6709999999999918
13275.156,132.750999999999976
13279.487,132.7939999999999823
13282.151,132.8209999999999691
13285.724,132.8569999999999706
13288.707,132.887
13297.857,132.978000000000008
13307.639,133.0759999999999645
13314.956,133.1490000000000005
13315.416,133.153999999999996
13322.691,133.2259999999999985
13324.589,133.2450000000000041
13327.488,133.2740000000000005
13332.697,133.3259999999999645
13338.474,133.3839999999999572
13342.234,133.4219999999999681
13350.026,133.5
13352.447,133.5240000000000005
13360.403,133.6039999999999845
13367.249,133.6719999999999681
13370.694,133.70599999999996
13377.386,133.7729999999999673
13385.095,133.8499999999999653
13394.732,133.9470000000000023
13402.091,134.0199999999999813
13410.877,134.1080000000000036
13412.292,134.1220000000000137
13422.266,134.2219999999999795
13430.925,134.3089999999999685
13434.554,134.34499999999997
13438.967,134.3890000000000095
13439.419,134.394000000000005
13444.283,134.442000000000007
13447.536,134.4749999999999653
13452.02,134.5199999999999813
13456.989,134.5689999999999595
13462.667,134.625999999999976
13464.389,134.6429999999999718
13470.601,134.70599999999996
13471.452,134.7139999999999981
13476.434,134.7640000000000095
13480.961,134.8089999999999685
13489.629,134.8959999999999578
13498.956,134.9889999999999755
13505.233,135.0519999999999636
13512.865,135.1279999999999855
13516.879,135.1680000000000057
13519.994,135.1990000000000118
13524.161,135.240999999999985
13533.047,135.3299999999999835
13541.155,135.411000000000001
13548.128,135.4809999999999941
13551.61,135.5159999999999621
13556.243,135.5620000000000113
13558.358,135.5829999999999695
13561.004,135.6100000000000132
13561.598,135.6150000000000087
13567.353,135.6730000000000013
13576.113,135.7609999999999667
13578.062,135.7799999999999723
13587.247,135.8720000000000137
13594.659,135.9459999999999688
13595.86,135.9579999999999695
13605.229,136.0519999999999636
13608.574,136.084999999999979
13615.167,136.1510000000000098
13616.921,136.1689999999999823
13624.171,136.240999999999985
13625.33,136.2529999999999855
13626.975,136.269000000000005
13635.974,136.35899999999998
13643.456,136.4339999999999685
13644.025,136.4399999999999975
13648.999,136.4889999999999755
13658.804,136.587999999999965
13659.678,136.5960000000000032
13660.643,136.6059999999999941
13664.507,136.6449999999999813
13673.142,136.7309999999999941
13680.436,136.8039999999999731
13686.101,136.8609999999999895
13691.883,136.9180000000000057
13695.562,136.9549999999999835
13698.626,136.9859999999999895
13702.049,137.0199999999999813
13711.936,137.1189999999999708
13719.51,137.1949999999999926
13725.25,137.252000000000009
13728.396,137.282999999999958
13737.845,137.3779999999999855
13744.418,137.4439999999999595
13750.016,137.5
13755.189,137.5509999999999872
13760.836,137.6080000000000036
13765.686,137.6560000000000053
13766.198,137.661000000000001
13775.21,137.752000000000009
13776.251,137.762
13781.797,137.817000000000007
13787.941,137.8789999999999618
13796.21,137.9619999999999887
13803.526,138.0349999999999676
13810.782,138.1069999999999706
13813.222,138.1320000000000045
13813.608,138.1359999999999667
13823.248,138.2319999999999706
13830.979,138.3089999999999685
13838.391,138.3829999999999808
13840.56,138.4049999999999723
13842.94,138.4289999999999731
13851.971,138.5190000000000048
13858.415,138.5840000000000026
13858.844,138.5879999999999648
13862.242,138.6220000000000137
13865.573,138.6549999999999723
13872.848,138.728000000000008
13873.845,138.7379999999999988
13879.691,138.7959999999999917
13884.447,138.8439999999999935
13892.014,138.9199999999999583
13900.214,139.002000000000009
13902.729,139.0269999999999862
13905.711,139.0569999999999588
13915.034,139.1499999999999766
13916.543,139.1649999999999632
13926.473,139.2640000000000095
13929.776,139.2969999999999681
13931.421,139.3139999999999641
13939.56,139.3949999999999813
13944.689,139.4459999999999688
13946.093,139.459999999999979
13954.728,139.5469999999999681
13957.002,139.5699999999999926
13960.479,139.6039999999999845
13961.168,139.6109999999999893
13963.594,139.6349999999999903
13970.651,139.70599999999996
13977.962,139.778999999999996
13981.914,139.8189999999999595
13991.689,139.9159999999999965
13994.797,139.9470000000000021
13999.834,139.99799999999999
14007.02,140.0699999999999926
14010.944,140.1089999999999798
14014.304,140.1429999999999718
14018.223,140.1819999999999588
14025.501,140.254999999999995
14033.446,140.3340000000000026
14041.598,140.4149999999999632
14048.659,140.4859999999999893
14050.836,140.5079999999999808
14054.025,140.5399999999999632
14063.763,140.637
14073.509,140.7350000000000132
14075.133,140.7509999999999757
14084.049,140.8399999999999745
14086.957,140.8689999999999707
14093.966,140.9389999999999641
14095.764,140.9569999999999931
14100.172,141.0009999999999757
14103.627,141.0360000000000008
14105.7,141.0569999999999587
14110.501,141.1049999999999608
14117.151,141.1709999999999916
14122.373,141.2230000000000126
14129.912,141.2989999999999778
14138.448,141.3839999999999571
14144.489,141.4439999999999595
14153.383,141.532999999999958
14158.339,141.5829999999999695
14160.54,141.6049999999999608
14161.72,141.6169999999999611
14167.949,141.6789999999999731
14175.796,141.7570000000000045
14176.911,141.7690000000000048
14181.827,141.817999999999983
14186.417,141.8639999999999755
14194.958,141.9490000000000117
14198.181,141.9809999999999941
14199.529,141.9950000000000041
14202.694,142.0260000000000098
14212.345,142.1229999999999898
14217.171,142.1709999999999916
14222.083,142.21999999999997
14229.381,142.2930000000000057
14230.105,142.3009999999999872
14230.797,142.3069999999999587
14233.598,142.3349999999999788
14242.39,142.4230000000000013
14251.416,142.5140000000000093
14258.764,142.5869999999999885
14262.104,142.6209999999999803
14263.869,142.6379999999999762
14273.57,142.7350000000000131
14282.962,142.8290000000000072
14287.403,142.873999999999966
14292.466,142.9239999999999778
14296.136,142.9610000000000122
14306.134,143.0609999999999782
14314.032,143.1399999999999858
14316.005,143.1599999999999676
14320.676,143.20599999999996
14326.025,143.2599999999999903
14326.781,143.2669999999999952
14329.683,143.2959999999999916
14337.971,143.3789999999999616
14341.013,143.4099999999999676
14348.918,143.4889999999999755
14354.829,143.5480000000000013
14359.979,143.5989999999999891
14369.196,143.6909999999999736
14369.293,143.6920000000000068
14377.346,143.7729999999999672
14378.71,143.786999999999977
14385.949,143.8589999999999798
14393.069,143.9300000000000062
14398.661,143.9859999999999892
14404.57,144.0449999999999583
14413.793,144.137
14420.793,144.2069999999999931
14425.717,144.2570000000000045
14429.326,144.2930000000000057
14438.064,144.379999999999995
14444.358,144.4429999999999828
14452.698,144.5260000000000097
14457.046,144.5699999999999926
14459.184,144.5910000000000075
14463.322,144.6329999999999806
14471.034,144.7099999999999788
14475.184,144.7509999999999757
14475.306,144.7529999999999853
14475.627,144.7559999999999712
14478.855,144.7880000000000103
14479.465,144.7939999999999822
14481.761,144.8170000000000068
14490.254,144.9019999999999862
14495.323,144.952999999999974
14502.278,145.0219999999999907
14509.647,145.0960000000000031
14511.951,145.1189999999999707
14512.928,145.1289999999999616
14514.109,145.1409999999999621
14519.258,145.1920000000000068
14519.665,145.1959999999999688
14529.049,145.2899999999999632
14533.846,145.3379999999999647
14536.132,145.3609999999999891
14542.012,145.4199999999999583
14548.783,145.4869999999999658
